time_sec,team_id,P1_health,P1_groggy,P1_helm,P1_vest,P1_smoke,P1_nade,P1_kill,P1_veh,P1_rel_x,P1_rel_y,P1_z,P2_health,P2_groggy,P2_helm,P2_vest,P2_smoke,P2_nade,P2_kill,P2_veh,P2_rel_x,P2_rel_y,P2_z,P3_health,P3_groggy,P3_helm,P3_vest,P3_smoke,P3_nade,P3_kill,P3_veh,P3_rel_x,P3_rel_y,P3_z,P4_health,P4_groggy,P4_helm,P4_vest,P4_smoke,P4_nade,P4_kill,P4_veh,P4_rel_x,P4_rel_y,P4_z,num_alive,total_health
1310,1,100.0,0,2,3,5,1,0,0,10529.81,565.66,0.33,94.57,0,2,2,5,3,1,0,8309.88,-1768.94,0.25,0.0,0,0,0,0,0,0,0,0.0,0.0,0.0,100.0,0,2,3,4,6,0,0,10734.25,-618.59,0.36,3,294.57
1310,20,82.62,0,2,3,5,4,5,0,-5857.56,17011.91,-1.42,100.0,0,3,3,5,7,4,0,-3969.94,16418.22,-0.71,89.71,0,2,3,11,3,4,0,-3751.0,16056.53,-0.76,0.0,0,0,0,0,0,0,0,0.0,0.0,0.0,3,272.33
1310,12,0.0,0,0,0,0,0,0,0,0.0,0.0,0.0,0.0,0,0,0,0,0,0,0,0.0,0.0,0.0,82.0,0,2,3,4,3,2,0,5376.62,-15775.56,-0.36,100.0,0,2,2,1,0,0,0,14041.94,2177.78,0.42,2,182.0
1310,13,40.99,0,2,2,3,4,3,0,9877.94,-19680.06,-0.56,0.0,0,0,0,0,0,0,0,0.0,0.0,0.0,0.0,0,0,0,0,0,0,0,0.0,0.0,0.0,0.0,0,0,0,0,0,0,0,0.0,0.0,0.0,1,40.99
1311,1,100.0,0,2,3,5,1,0,0,10529.81,565.66,0.33,94.57,0,2,2,5,3,1,0,8309.88,-1768.94,0.25,0.0,0,0,0,0,0,0,0,0.0,0.0,0.0,100.0,0,2,3,4,6,0,0,10734.25,-618.59,0.36,3,294.57
1311,20,82.62,0,2,3,5,4,5,0,-5857.56,17011.91,-1.42,100.0,0,3,3,5,7,4,0,-3969.94,16418.22,-0.71,89.71,0,2,3,11,3,4,0,-3751.0,16056.53,-0.76,0.0,0,0,0,0,0,0,0,0.0,0.0,0.0,3,272.33
1311,12,0.0,0,0,0,0,0,0,0,0.0,0.0,0.0,0.0,0,0,0,0,0,0,0,0.0,0.0,0.0,82.0,0,2,3,4,3,2,0,5376.62,-15775.56,-0.36,100.0,0,2,2,1,0,0,0,14041.94,2177.78,0.42,2,182.0
1311,13,40.99,0,2,2,3,4,3,0,9877.94,-19680.06,-0.56,0.0,0,0,0,0,0,0,0,0.0,0.0,0.0,0.0,0,0,0,0,0,0,0,0.0,0.0,0.0,0.0,0,0,0,0,0,0,0,0.0,0.0,0.0,1,40.99
1312,1,100.0,0,2,3,5,1,0,0,10529.81,565.66,0.33,98.57,0,2,2,5,3,1,0,8187.75,-1802.78,0.23,0.0,0,0,0,0,0,0,0,0.0,0.0,0.0,100.0,0,2,3,4,6,0,0,10734.25,-618.59,0.36,3,298.57
1312,20,82.62,0,2,3,5,4,5,0,-5857.56,17011.91,-1.42,100.0,0,3,3,5,7,4,0,-3969.94,16418.22,-0.71,89.71,0,2,3,11,3,4,0,-3751.0,16056.53,-0.76,0.0,0,0,0,0,0,0,0,0.0,0.0,0.0,3,272.33
1312,12,0.0,0,0,0,0,0,0,0,0.0,0.0,0.0,0.0,0,0,0,0,0,0,0,0.0,0.0,0.0,82.0,0,2,3,4,4,2,0,5376.62,-15775.56,-0.36,100.0,0,2,2,1,0,0,0,14049.88,2138.84,0.43,2,182.0
1312,13,40.99,0,2,2,3,4,3,0,9877.94,-19680.06,-0.56,0.0,0,0,0,0,0,0,0,0.0,0.0,0.0,0.0,0,0,0,0,0,0,0,0.0,0.0,0.0,0.0,0,0,0,0,0,0,0,0.0,0.0,0.0,1,40.99
1313,1,100.0,0,2,3,5,1,0,0,10529.81,565.66,0.33,98.57,0,2,2,5,3,1,0,8187.75,-1802.78,0.23,0.0,0,0,0,0,0,0,0,0.0,0.0,0.0,100.0,0,2,3,4,6,0,0,10732.25,-617.59,0.36,3,298.57
1313,20,82.62,0,2,3,5,4,5,0,-5857.56,17011.91,-1.42,100.0,0,3,3,5,7,4,0,-3969.94,16418.22,-0.71,89.71,0,2,3,11,3,4,0,-3751.0,16056.53,-0.76,0.0,0,0,0,0,0,0,0,0.0,0.0,0.0,3,272.33
1313,12,0.0,0,0,0,0,0,0,0,0.0,0.0,0.0,0.0,0,0,0,0,0,0,0,0.0,0.0,0.0,82.0,0,2,3,4,6,2,0,5376.62,-15775.56,-0.36,100.0,0,2,2,1,0,0,0,14049.88,2138.84,0.43,2,182.0
1313,13,40.99,0,2,2,3,4,3,0,9877.94,-19680.06,-0.56,0.0,0,0,0,0,0,0,0,0.0,0.0,0.0,0.0,0,0,0,0,0,0,0,0.0,0.0,0.0,0.0,0,0,0,0,0,0,0,0.0,0.0,0.0,1,40.99
1314,1,100.0,0,2,3,5,1,0,0,10428.12,458.25,0.33,98.57,0,2,2,5,3,1,0,8187.75,-1802.78,0.23,0.0,0,0,0,0,0,0,0,0.0,0.0,0.0,100.0,0,2,3,4,6,0,0,10732.25,-617.59,0.36,3,298.57
1314,20,82.62,0,2,3,5,4,5,0,-5857.56,17011.91,-1.42,100.0,0,3,3,5,7,4,0,-3969.94,16418.22,-0.71,89.71,0,2,3,11,3,4,0,-3751.0,16056.53,-0.76,0.0,0,0,0,0,0,0,0,0.0,0.0,0.0,3,272.33
1314,12,0.0,0,0,0,0,0,0,0,0.0,0.0,0.0,0.0,0,0,0,0,0,0,0,0.0,0.0,0.0,82.0,0,2,3,4,6,2,0,5376.62,-15775.56,-0.36,100.0,0,2,2,1,0,0,0,14049.88,2138.84,0.43,2,182.0
1314,13,40.99,0,2,2,3,4,3,0,9877.94,-19680.06,-0.56,0.0,0,0,0,0,0,0,0,0.0,0.0,0.0,0.0,0,0,0,0,0,0,0,0.0,0.0,0.0,0.0,0,0,0,0,0,0,0,0.0,0.0,0.0,1,40.99
1315,1,100.0,0,2,3,5,1,0,0,10428.12,458.25,0.33,98.57,0,2,2,5,3,1,0,8187.75,-1802.78,0.23,0.0,0,0,0,0,0,0,0,0.0,0.0,0.0,100.0,0,2,3,4,6,0,0,10732.25,-617.59,0.36,3,298.57
1315,20,82.62,0,2,3,5,4,5,0,-5857.56,17011.91,-1.42,100.0,0,3,3,5,7,4,0,-3902.75,16442.09,-0.69,89.71,0,2,3,11,3,4,0,-3751.0,16056.53,-0.76,0.0,0,0,0,0,0,0,0,0.0,0.0,0.0,3,272.33
1315,12,0.0,0,0,0,0,0,0,0,0.0,0.0,0.0,0.0,0,0,0,0,0,0,0,0.0,0.0,0.0,82.0,0,2,3,4,6,2,0,5376.62,-15775.56,-0.36,100.0,0,2,2,1,0,0,0,14049.88,2138.84,0.43,2,182.0
1315,13,40.99,0,2,2,3,4,3,0,9877.94,-19680.06,-0.56,0.0,0,0,0,0,0,0,0,0.0,0.0,0.0,0.0,0,0,0,0,0,0,0,0.0,0.0,0.0,0.0,0,0,0,0,0,0,0,0.0,0.0,0.0,1,40.99
1316,1,100.0,0,2,3,5,1,0,0,10428.12,458.25,0.33,98.57,0,2,2,5,3,1,0,8187.75,-1802.78,0.23,0.0,0,0,0,0,0,0,0,0.0,0.0,0.0,100.0,0,2,3,4,6,0,0,10732.25,-617.59,0.36,3,298.57
1316,20,82.62,0,2,3,5,4,5,0,-5857.56,17011.91,-1.42,100.0,0,3,3,5,7,4,0,-3902.75,16442.09,-0.69,91.71,0,2,3,11,3,4,0,-3906.44,16016.06,-0.77,0.0,0,0,0,0,0,0,0,0.0,0.0,0.0,3,274.33
1316,12,0.0,0,0,0,0,0,0,0,0.0,0.0,0.0,0.0,0,0,0,0,0,0,0,0.0,0.0,0.0,82.0,0,2,3,4,6,2,0,5376.62,-15775.56,-0.36,100.0,0,2,2,1,0,0,0,14049.88,2138.84,0.43,2,182.0
1316,13,40.99,0,2,2,3,4,3,0,9877.94,-19680.06,-0.56,0.0,0,0,0,0,0,0,0,0.0,0.0,0.0,0.0,0,0,0,0,0,0,0,0.0,0.0,0.0,0.0,0,0,0,0,0,0,0,0.0,0.0,0.0,1,40.99
1317,1,100.0,0,2,3,5,1,0,0,10428.12,458.25,0.25,98.57,0,2,2,5,3,1,0,8187.75,-1802.78,0.15,0.0,0,0,0,0,0,0,0,0.0,0.0,0.0,100.0,0,2,3,4,6,0,0,10732.25,-617.59,0.28,3,298.57
1317,20,82.62,0,2,3,5,4,5,0,-5857.56,17011.91,-1.45,100.0,0,3,3,5,7,4,0,-3902.75,16442.09,-0.74,91.71,0,2,3,11,3,4,0,-3906.44,16016.06,-0.82,0.0,0,0,0,0,0,0,0,0.0,0.0,0.0,3,274.33
1317,12,0.0,0,0,0,0,0,0,0,0.0,0.0,0.0,0.0,0,0,0,0,0,0,0,0.0,0.0,0.0,3.0,0,2,3,4,6,3,0,6026.12,-16005.28,-0.32,100.0,0,2,2,1,0,0,0,14049.88,2138.84,0.35,2,103.0
1317,13,0.0,0,0,0,0,0,0,0,0.0,0.0,0.0,0.0,0,0,0,0,0,0,0,0.0,0.0,0.0,0.0,0,0,0,0,0,0,0,0.0,0.0,0.0,0.0,0,0,0,0,0,0,0,0.0,0.0,0.0,0,0.0
1318,1,100.0,0,2,3,5,1,0,0,10428.12,458.25,0.25,98.57,0,2,2,5,3,1,0,8187.75,-1802.78,0.15,0.0,0,0,0,0,0,0,0,0.0,0.0,0.0,100.0,0,2,3,4,6,0,0,10732.25,-617.59,0.28,3,298.57
1318,20,82.62,0,2,3,5,4,5,0,-5857.56,17011.91,-1.45,100.0,0,3,3,5,7,4,0,-3902.75,16442.09,-0.74,91.71,0,2,3,11,3,4,0,-3906.44,16016.06,-0.82,0.0,0,0,0,0,0,0,0,0.0,0.0,0.0,3,274.33
1318,12,0.0,0,0,0,0,0,0,0,0.0,0.0,0.0,0.0,0,0,0,0,0,0,0,0.0,0.0,0.0,3.0,0,2,3,4,6,3,0,6026.12,-16005.28,-0.32,100.0,0,2,2,1,0,0,0,14049.88,2138.84,0.35,2,103.0
1318,13,0.0,0,0,0,0,0,0,0,0.0,0.0,0.0,0.0,0,0,0,0,0,0,0,0.0,0.0,0.0,0.0,0,0,0,0,0,0,0,0.0,0.0,0.0,0.0,0,0,0,0,0,0,0,0.0,0.0,0.0,0,0.0
1319,1,100.0,0,2,3,5,1,0,0,12967.06,-1023.38,0.24,98.57,0,2,2,5,3,1,0,10726.69,-3284.41,0.14,0.0,0,0,0,0,0,0,0,0.0,0.0,0.0,100.0,0,2,3,4,6,0,0,13271.19,-2099.22,0.27,3,298.57
1319,20,86.62,0,2,3,5,4,5,0,-2967.25,15350.41,-1.34,100.0,0,3,3,5,7,4,0,-1363.81,14960.47,-0.77,91.71,0,2,3,11,3,4,0,-1367.5,14534.44,-0.86,0.0,0,0,0,0,0,0,0,0.0,0.0,0.0,3,278.33
1319,12,0.0,0,0,0,0,0,0,0,0.0,0.0,0.0,0.0,0,0,0,0,0,0,0,0.0,0.0,0.0,3.0,0,2,3,4,6,3,0,8565.06,-17486.91,-0.35,100.0,0,2,2,1,0,0,0,16588.81,657.22,0.34,2,103.0
1319,13,0.0,0,0,0,0,0,0,0,0.0,0.0,0.0,0.0,0,0,0,0,0,0,0,0.0,0.0,0.0,0.0,0,0,0,0,0,0,0,0.0,0.0,0.0,0.0,0,0,0,0,0,0,0,0.0,0.0,0.0,0,0.0
1320,1,100.0,0,2,3,5,1,0,0,12967.06,-1023.38,0.24,100.0,0,2,2,5,3,1,0,10692.94,-3329.78,0.13,0.0,0,0,0,0,0,0,0,0.0,0.0,0.0,100.0,0,2,3,4,6,0,0,13271.19,-2099.22,0.27,3,300.0
1320,20,86.62,0,2,3,5,4,5,0,-2967.25,15350.41,-1.34,100.0,0,3,3,5,7,4,0,-1363.81,14960.47,-0.77,91.71,0,2,3,11,3,4,0,-1367.5,14534.44,-0.86,0.0,0,0,0,0,0,0,0,0.0,0.0,0.0,3,278.33
1320,12,0.0,0,0,0,0,0,0,0,0.0,0.0,0.0,0.0,0,0,0,0,0,0,0,0.0,0.0,0.0,3.0,0,2,3,4,6,3,0,8565.06,-17486.91,-0.35,100.0,0,2,2,1,0,0,0,16588.81,657.22,0.34,2,103.0
1320,13,0.0,0,0,0,0,0,0,0,0.0,0.0,0.0,0.0,0,0,0,0,0,0,0,0.0,0.0,0.0,0.0,0,0,0,0,0,0,0,0.0,0.0,0.0,0.0,0,0,0,0,0,0,0,0.0,0.0,0.0,0,0.0
1321,1,100.0,0,2,3,5,1,0,0,12967.06,-1023.38,0.24,100.0,0,2,2,5,3,1,0,10692.94,-3329.78,0.13,0.0,0,0,0,0,0,0,0,0.0,0.0,0.0,100.0,0,2,3,4,6,0,0,13271.19,-2099.22,0.27,3,300.0
1321,20,86.62,0,2,3,5,4,5,0,-2967.25,15350.41,-1.34,100.0,0,3,3,5,7,4,0,-1363.81,14960.47,-0.77,91.71,0,2,3,11,3,4,0,-1367.5,14534.44,-0.86,0.0,0,0,0,0,0,0,0,0.0,0.0,0.0,3,278.33
1321,12,0.0,0,0,0,0,0,0,0,0.0,0.0,0.0,0.0,0,0,0,0,0,0,0,0.0,0.0,0.0,3.0,0,2,3,4,6,3,0,8565.06,-17486.91,-0.35,100.0,0,2,2,1,0,0,0,16559.0,683.62,0.35,2,103.0
1321,13,0.0,0,0,0,0,0,0,0,0.0,0.0,0.0,0.0,0,0,0,0,0,0,0,0.0,0.0,0.0,0.0,0,0,0,0,0,0,0,0.0,0.0,0.0,0.0,0,0,0,0,0,0,0,0.0,0.0,0.0,0,0.0
1322,1,100.0,0,2,3,5,1,0,0,12967.06,-1023.38,0.24,100.0,0,2,2,5,3,1,0,10692.94,-3329.78,0.13,0.0,0,0,0,0,0,0,0,0.0,0.0,0.0,100.0,0,2,3,4,6,0,0,13271.88,-2103.44,0.27,3,300.0
1322,20,86.62,0,2,3,5,4,5,0,-2967.25,15350.41,-1.34,100.0,0,3,3,5,7,4,0,-1363.81,14960.47,-0.77,91.71,0,2,3,11,4,4,0,-1367.5,14534.44,-0.86,0.0,0,0,0,0,0,0,0,0.0,0.0,0.0,3,278.33
1322,12,0.0,0,0,0,0,0,0,0,0.0,0.0,0.0,0.0,0,0,0,0,0,0,0,0.0,0.0,0.0,3.0,0,2,3,4,6,3,0,8565.06,-17486.91,-0.35,100.0,0,2,2,1,0,0,0,16559.0,683.62,0.35,2,103.0
1322,13,0.0,0,0,0,0,0,0,0,0.0,0.0,0.0,0.0,0,0,0,0,0,0,0,0.0,0.0,0.0,0.0,0,0,0,0,0,0,0,0.0,0.0,0.0,0.0,0,0,0,0,0,0,0,0.0,0.0,0.0,0,0.0
1323,1,100.0,0,2,3,5,1,0,0,12710.25,-1340.03,0.23,100.0,0,2,2,5,3,1,0,10692.94,-3329.78,0.13,0.0,0,0,0,0,0,0,0,0.0,0.0,0.0,100.0,0,2,3,4,6,0,0,13271.88,-2103.44,0.27,3,300.0
1323,20,86.62,0,2,3,5,4,5,0,-2967.25,15350.41,-1.34,100.0,0,3,3,5,7,4,0,-1363.81,14960.47,-0.77,91.71,0,2,3,11,4,4,0,-1367.5,14534.44,-0.86,0.0,0,0,0,0,0,0,0,0.0,0.0,0.0,3,278.33
1323,12,0.0,0,0,0,0,0,0,0,0.0,0.0,0.0,0.0,0,0,0,0,0,0,0,0.0,0.0,0.0,3.0,0,2,3,4,6,3,0,8565.06,-17486.91,-0.35,100.0,0,2,2,1,0,0,0,16559.0,683.62,0.35,2,103.0
1323,13,0.0,0,0,0,0,0,0,0,0.0,0.0,0.0,0.0,0,0,0,0,0,0,0,0.0,0.0,0.0,0.0,0,0,0,0,0,0,0,0.0,0.0,0.0,0.0,0,0,0,0,0,0,0,0.0,0.0,0.0,0,0.0
1324,1,100.0,0,2,3,5,1,0,0,12710.25,-1340.03,0.13,100.0,0,2,2,5,3,1,0,10692.94,-3329.78,0.02,0.0,0,0,0,0,0,0,0,0.0,0.0,0.0,100.0,0,2,3,4,6,0,0,13271.88,-2103.44,0.17,3,300.0
1324,20,86.62,0,2,3,5,4,5,0,-2967.25,15350.41,-1.5,100.0,0,3,3,5,7,4,0,2483.25,13850.19,0.08,91.71,0,2,3,11,4,4,0,-1367.5,14534.44,-1.0,0.0,0,0,0,0,0,0,0,0.0,0.0,0.0,3,278.33
1324,12,0.0,0,0,0,0,0,0,0,0.0,0.0,0.0,0.0,0,0,0,0,0,0,0,0.0,0.0,0.0,3.0,0,2,3,4,6,3,0,8565.06,-17486.91,-0.47,100.0,0,2,2,1,0,0,0,16559.0,683.62,0.26,2,103.0
1324,13,0.0,0,0,0,0,0,0,0,0.0,0.0,0.0,0.0,0,0,0,0,0,0,0,0.0,0.0,0.0,0.0,0,0,0,0,0,0,0,0.0,0.0,0.0,0.0,0,0,0,0,0,0,0,0.0,0.0,0.0,0,0.0
1325,1,100.0,0,2,3,5,1,0,0,12710.25,-1340.03,0.15,100.0,0,2,2,5,3,1,0,10692.94,-3329.78,0.04,0.0,0,0,0,0,0,0,0,0.0,0.0,0.0,100.0,0,2,3,4,6,0,0,13271.88,-2103.44,0.18,3,300.0
1325,20,86.62,0,2,3,5,4,5,0,-2967.25,15350.41,-1.46,100.0,0,3,3,5,7,4,0,2483.25,13850.19,0.09,93.71,0,2,3,11,4,4,0,-1767.25,14519.47,-1.13,0.0,0,0,0,0,0,0,0,0.0,0.0,0.0,3,280.33
1325,12,0.0,0,0,0,0,0,0,0,0.0,0.0,0.0,0.0,0,0,0,0,0,0,0,0.0,0.0,0.0,3.0,0,2,3,4,6,3,0,8565.06,-17486.91,-0.44,100.0,0,2,2,1,0,0,0,16559.0,683.62,0.27,2,103.0
1325,13,0.0,0,0,0,0,0,0,0,0.0,0.0,0.0,0.0,0,0,0,0,0,0,0,0.0,0.0,0.0,0.0,0,0,0,0,0,0,0,0.0,0.0,0.0,0.0,0,0,0,0,0,0,0,0.0,0.0,0.0,0,0.0
1326,1,100.0,0,2,3,5,1,0,0,12710.25,-1340.03,0.09,100.0,0,2,2,5,3,1,0,10692.94,-3329.78,-0.01,0.0,0,0,0,0,0,0,0,0.0,0.0,0.0,100.0,0,2,3,4,6,0,0,13271.88,-2103.44,0.12,3,300.0
1326,20,86.62,0,2,3,5,4,5,0,-2967.25,15350.41,-1.44,100.0,0,3,3,5,7,4,0,2483.25,13850.19,0.04,93.71,0,2,3,11,4,4,0,-1767.25,14519.47,-1.13,0.0,0,0,0,0,0,0,0,0.0,0.0,0.0,3,280.33
1326,12,0.0,0,0,0,0,0,0,0,0.0,0.0,0.0,0.0,0,0,0,0,0,0,0,0.0,0.0,0.0,0.0,0,0,0,0,0,0,0,0.0,0.0,0.0,100.0,0,2,2,1,0,0,0,16559.0,683.62,0.2,1,100.0
1326,13,0.0,0,0,0,0,0,0,0,0.0,0.0,0.0,0.0,0,0,0,0,0,0,0,0.0,0.0,0.0,0.0,0,0,0,0,0,0,0,0.0,0.0,0.0,0.0,0,0,0,0,0,0,0,0.0,0.0,0.0,0,0.0
1327,1,100.0,0,2,3,5,1,0,0,12710.25,-1340.03,0.09,100.0,0,2,2,5,3,1,0,10692.94,-3329.78,-0.01,0.0,0,0,0,0,0,0,0,0.0,0.0,0.0,100.0,0,2,3,4,6,0,0,13271.88,-2103.44,0.12,3,300.0
1327,20,86.62,0,2,3,5,4,5,0,-2967.25,15350.41,-1.44,100.0,0,3,3,5,7,4,0,2483.25,13850.19,0.04,93.71,0,2,3,11,4,4,0,-1767.25,14519.47,-1.13,0.0,0,0,0,0,0,0,0,0.0,0.0,0.0,3,280.33
1327,12,0.0,0,0,0,0,0,0,0,0.0,0.0,0.0,0.0,0,0,0,0,0,0,0,0.0,0.0,0.0,0.0,0,0,0,0,0,0,0,0.0,0.0,0.0,100.0,0,2,2,1,0,0,0,16559.0,683.62,0.2,1,100.0
1327,13,0.0,0,0,0,0,0,0,0,0.0,0.0,0.0,0.0,0,0,0,0,0,0,0,0.0,0.0,0.0,0.0,0,0,0,0,0,0,0,0.0,0.0,0.0,0.0,0,0,0,0,0,0,0,0.0,0.0,0.0,0,0.0
1328,1,100.0,0,2,3,5,1,0,0,12710.25,-1340.03,0.11,100.0,0,2,2,5,3,1,0,10692.94,-3329.78,0.01,0.0,0,0,0,0,0,0,0,0.0,0.0,0.0,100.0,0,2,3,4,6,0,0,13271.88,-2103.44,0.14,3,300.0
1328,20,90.62,0,2,3,5,4,5,0,-3355.94,15577.06,-1.55,100.0,0,3,3,5,7,4,0,2483.25,13850.19,0.06,93.71,0,2,3,11,4,4,0,-1767.25,14519.47,-1.08,0.0,0,0,0,0,0,0,0,0.0,0.0,0.0,3,284.33
1328,12,0.0,0,0,0,0,0,0,0,0.0,0.0,0.0,0.0,0,0,0,0,0,0,0,0.0,0.0,0.0,0.0,0,0,0,0,0,0,0,0.0,0.0,0.0,100.0,0,2,2,1,0,0,0,16559.0,683.62,0.22,1,100.0
1328,13,0.0,0,0,0,0,0,0,0,0.0,0.0,0.0,0.0,0,0,0,0,0,0,0,0.0,0.0,0.0,0.0,0,0,0,0,0,0,0,0.0,0.0,0.0,0.0,0,0,0,0,0,0,0,0.0,0.0,0.0,0,0.0
1329,1,100.0,0,2,3,5,1,0,0,12710.25,-1340.03,0.11,100.0,0,2,2,5,3,1,0,10682.56,-3329.59,0.01,0.0,0,0,0,0,0,0,0,0.0,0.0,0.0,100.0,0,2,3,4,6,0,0,13271.88,-2103.44,0.14,3,300.0
1329,20,90.62,0,2,3,5,4,5,0,-3355.94,15577.06,-1.54,100.0,0,3,3,5,7,4,0,2483.25,13850.19,0.06,93.71,0,2,3,11,4,4,0,-1767.25,14519.47,-1.08,0.0,0,0,0,0,0,0,0,0.0,0.0,0.0,3,284.33
1329,12,0.0,0,0,0,0,0,0,0,0.0,0.0,0.0,0.0,0,0,0,0,0,0,0,0.0,0.0,0.0,0.0,0,0,0,0,0,0,0,0.0,0.0,0.0,100.0,0,2,2,1,0,0,0,16559.0,683.62,0.22,1,100.0
1329,13,0.0,0,0,0,0,0,0,0,0.0,0.0,0.0,0.0,0,0,0,0,0,0,0,0.0,0.0,0.0,0.0,0,0,0,0,0,0,0,0.0,0.0,0.0,0.0,0,0,0,0,0,0,0,0.0,0.0,0.0,0,0.0
1330,1,100.0,0,2,3,5,1,0,0,12710.25,-1340.03,0.11,100.0,0,2,2,5,3,1,0,10682.56,-3329.59,0.01,0.0,0,0,0,0,0,0,0,0.0,0.0,0.0,100.0,0,2,3,4,6,0,0,13271.88,-2103.44,0.14,3,300.0
1330,20,90.62,0,2,3,5,4,5,0,-3355.94,15577.06,-1.54,100.0,0,3,3,5,7,4,0,2483.25,13850.19,0.06,93.71,0,2,3,11,4,4,0,-1767.25,14519.47,-1.07,0.0,0,0,0,0,0,0,0,0.0,0.0,0.0,3,284.33
1330,12,0.0,0,0,0,0,0,0,0,0.0,0.0,0.0,0.0,0,0,0,0,0,0,0,0.0,0.0,0.0,0.0,0,0,0,0,0,0,0,0.0,0.0,0.0,100.0,0,2,2,1,0,0,0,16599.62,644.56,0.21,1,100.0
1330,13,0.0,0,0,0,0,0,0,0,0.0,0.0,0.0,0.0,0,0,0,0,0,0,0,0.0,0.0,0.0,0.0,0,0,0,0,0,0,0,0.0,0.0,0.0,0.0,0,0,0,0,0,0,0,0.0,0.0,0.0,0,0.0
1331,1,100.0,0,2,3,5,1,0,0,12710.25,-1340.03,0.11,100.0,0,2,2,5,3,1,0,10682.56,-3329.59,0.01,0.0,0,0,0,0,0,0,0,0.0,0.0,0.0,100.0,0,2,3,4,6,0,0,13269.19,-2108.28,0.14,3,300.0
1331,20,90.62,0,2,3,5,4,5,0,-3355.94,15577.06,-1.54,100.0,0,3,3,5,7,4,0,2483.25,13850.19,0.06,93.71,0,2,3,11,4,4,0,-1767.25,14519.47,-1.07,0.0,0,0,0,0,0,0,0,0.0,0.0,0.0,3,284.33
1331,12,0.0,0,0,0,0,0,0,0,0.0,0.0,0.0,0.0,0,0,0,0,0,0,0,0.0,0.0,0.0,0.0,0,0,0,0,0,0,0,0.0,0.0,0.0,100.0,0,2,2,1,0,0,0,16599.62,644.56,0.21,1,100.0
1331,13,0.0,0,0,0,0,0,0,0,0.0,0.0,0.0,0.0,0,0,0,0,0,0,0,0.0,0.0,0.0,0.0,0,0,0,0,0,0,0,0.0,0.0,0.0,0.0,0,0,0,0,0,0,0,0.0,0.0,0.0,0,0.0
1332,1,100.0,0,2,3,5,1,0,0,12646.38,-951.56,0.1,100.0,0,2,2,5,3,1,0,10682.56,-3329.59,0.01,0.0,0,0,0,0,0,0,0,0.0,0.0,0.0,100.0,0,2,3,4,6,0,0,13269.19,-2108.28,0.14,3,300.0
1332,20,90.62,0,2,3,5,4,5,0,-3355.94,15577.06,-1.54,100.0,0,3,3,5,7,4,0,2483.25,13850.19,0.06,93.71,0,2,3,11,4,4,0,-1767.25,14519.47,-1.07,0.0,0,0,0,0,0,0,0,0.0,0.0,0.0,3,284.33
1332,12,0.0,0,0,0,0,0,0,0,0.0,0.0,0.0,0.0,0,0,0,0,0,0,0,0.0,0.0,0.0,0.0,0,0,0,0,0,0,0,0.0,0.0,0.0,100.0,0,2,2,1,0,0,0,16599.62,644.56,0.21,1,100.0
1332,13,0.0,0,0,0,0,0,0,0,0.0,0.0,0.0,0.0,0,0,0,0,0,0,0,0.0,0.0,0.0,0.0,0,0,0,0,0,0,0,0.0,0.0,0.0,0.0,0,0,0,0,0,0,0,0.0,0.0,0.0,0,0.0
1333,1,100.0,0,2,3,5,1,0,0,12646.38,-951.56,0.08,100.0,0,2,2,5,3,1,0,10682.56,-3329.59,-0.02,0.0,0,0,0,0,0,0,0,0.0,0.0,0.0,100.0,0,2,3,4,6,0,0,13269.19,-2108.28,0.12,3,300.0
1333,20,90.62,0,2,3,5,4,5,0,-3355.94,15577.06,-1.56,100.0,0,3,3,5,7,4,0,3849.62,12829.41,0.22,93.71,0,2,3,11,4,4,0,-1767.25,14519.47,-1.09,0.0,0,0,0,0,0,0,0,0.0,0.0,0.0,3,284.33
1333,12,0.0,0,0,0,0,0,0,0,0.0,0.0,0.0,0.0,0,0,0,0,0,0,0,0.0,0.0,0.0,0.0,0,0,0,0,0,0,0,0.0,0.0,0.0,100.0,0,2,2,1,0,0,0,16599.62,644.56,0.18,1,100.0
1333,13,0.0,0,0,0,0,0,0,0,0.0,0.0,0.0,0.0,0,0,0,0,0,0,0,0.0,0.0,0.0,0.0,0,0,0,0,0,0,0,0.0,0.0,0.0,0.0,0,0,0,0,0,0,0,0.0,0.0,0.0,0,0.0
1334,1,100.0,0,2,3,5,1,0,0,12646.38,-951.56,0.02,100.0,0,2,2,5,3,1,0,10682.56,-3329.59,-0.08,0.0,0,0,0,0,0,0,0,0.0,0.0,0.0,100.0,0,2,3,4,6,0,0,13269.19,-2108.28,0.07,3,300.0
1334,20,90.62,0,2,3,5,4,5,0,-3355.94,15577.06,-1.71,100.0,0,3,3,5,7,4,0,3849.62,12829.41,0.18,97.71,0,2,3,11,4,4,1,-932.75,15025.81,-0.74,0.0,0,0,0,0,0,0,0,0.0,0.0,0.0,3,288.33
1334,12,0.0,0,0,0,0,0,0,0,0.0,0.0,0.0,0.0,0,0,0,0,0,0,0,0.0,0.0,0.0,0.0,0,0,0,0,0,0,0,0.0,0.0,0.0,100.0,0,2,2,1,0,0,0,16599.62,644.56,0.13,1,100.0
1334,13,0.0,0,0,0,0,0,0,0,0.0,0.0,0.0,0.0,0,0,0,0,0,0,0,0.0,0.0,0.0,0.0,0,0,0,0,0,0,0,0.0,0.0,0.0,0.0,0,0,0,0,0,0,0,0.0,0.0,0.0,0,0.0
1335,1,100.0,0,2,3,5,1,0,0,12646.38,-951.56,0.02,100.0,0,2,2,5,3,1,0,10682.56,-3329.59,-0.08,0.0,0,0,0,0,0,0,0,0.0,0.0,0.0,100.0,0,2,3,4,6,0,0,13269.19,-2108.28,0.07,3,300.0
1335,20,90.62,0,2,3,5,4,5,0,-3355.94,15577.06,-1.71,100.0,0,3,3,5,7,4,0,3849.62,12829.41,0.18,97.71,0,2,3,11,4,4,1,-932.75,15025.81,-0.74,0.0,0,0,0,0,0,0,0,0.0,0.0,0.0,3,288.33
1335,12,0.0,0,0,0,0,0,0,0,0.0,0.0,0.0,0.0,0,0,0,0,0,0,0,0.0,0.0,0.0,0.0,0,0,0,0,0,0,0,0.0,0.0,0.0,100.0,0,2,2,1,0,0,0,16599.62,644.56,0.13,1,100.0
1335,13,0.0,0,0,0,0,0,0,0,0.0,0.0,0.0,0.0,0,0,0,0,0,0,0,0.0,0.0,0.0,0.0,0,0,0,0,0,0,0,0.0,0.0,0.0,0.0,0,0,0,0,0,0,0,0.0,0.0,0.0,0,0.0
1336,1,100.0,0,2,3,5,1,0,0,12646.38,-951.56,-0.26,100.0,0,2,2,5,3,1,0,10682.56,-3329.59,-0.39,0.0,0,0,0,0,0,0,0,0.0,0.0,0.0,100.0,0,2,3,4,6,0,0,13269.19,-2108.28,-0.2,3,300.0
1336,20,96.62,0,2,3,5,4,5,1,2145.0,14368.84,-0.22,100.0,0,3,3,5,7,4,0,3849.62,12829.41,-0.06,97.71,0,2,3,11,4,4,1,-932.75,15025.81,-1.25,0.0,0,0,0,0,0,0,0,0.0,0.0,0.0,3,294.33
1336,12,0.0,0,0,0,0,0,0,0,0.0,0.0,0.0,0.0,0,0,0,0,0,0,0,0.0,0.0,0.0,0.0,0,0,0,0,0,0,0,0.0,0.0,0.0,100.0,0,2,2,1,0,0,0,16599.62,644.56,-0.11,1,100.0
1336,13,0.0,0,0,0,0,0,0,0,0.0,0.0,0.0,0.0,0,0,0,0,0,0,0,0.0,0.0,0.0,0.0,0,0,0,0,0,0,0,0.0,0.0,0.0,0.0,0,0,0,0,0,0,0,0.0,0.0,0.0,0,0.0
1337,1,100.0,0,2,3,5,1,0,0,12646.38,-951.56,-0.25,100.0,0,2,2,5,3,1,0,10636.06,-3328.5,-0.44,0.0,0,0,0,0,0,0,0,0.0,0.0,0.0,100.0,0,2,3,4,6,0,0,13269.19,-2108.28,-0.19,3,300.0
1337,20,96.62,0,2,3,5,4,5,1,2145.0,14368.84,-0.21,100.0,0,3,3,5,7,4,0,3849.62,12829.41,-0.05,97.71,0,2,3,11,4,4,1,-932.75,15025.81,-1.23,0.0,0,0,0,0,0,0,0,0.0,0.0,0.0,3,294.33
1337,12,0.0,0,0,0,0,0,0,0,0.0,0.0,0.0,0.0,0,0,0,0,0,0,0,0.0,0.0,0.0,0.0,0,0,0,0,0,0,0,0.0,0.0,0.0,100.0,0,2,2,1,0,0,0,16599.62,644.56,-0.1,1,100.0
1337,13,0.0,0,0,0,0,0,0,0,0.0,0.0,0.0,0.0,0,0,0,0,0,0,0,0.0,0.0,0.0,0.0,0,0,0,0,0,0,0,0.0,0.0,0.0,0.0,0,0,0,0,0,0,0,0.0,0.0,0.0,0,0.0
1338,1,100.0,0,2,3,5,1,0,0,12646.38,-951.56,-0.21,100.0,0,2,2,5,3,1,0,10636.06,-3328.5,-0.41,0.0,0,0,0,0,0,0,0,0.0,0.0,0.0,100.0,0,2,3,4,6,0,0,13269.19,-2108.28,-0.16,3,300.0
1338,20,96.62,0,2,3,5,4,5,1,2145.0,14368.84,-0.17,100.0,0,3,3,5,7,4,0,3849.62,12829.41,-0.02,97.71,0,2,3,11,4,4,1,-932.75,15025.81,-1.2,0.0,0,0,0,0,0,0,0,0.0,0.0,0.0,3,294.33
1338,12,0.0,0,0,0,0,0,0,0,0.0,0.0,0.0,0.0,0,0,0,0,0,0,0,0.0,0.0,0.0,0.0,0,0,0,0,0,0,0,0.0,0.0,0.0,100.0,0,2,2,1,0,0,0,16742.12,589.06,-0.31,1,100.0
1338,13,0.0,0,0,0,0,0,0,0,0.0,0.0,0.0,0.0,0,0,0,0,0,0,0,0.0,0.0,0.0,0.0,0,0,0,0,0,0,0,0.0,0.0,0.0,0.0,0,0,0,0,0,0,0,0.0,0.0,0.0,0,0.0
1339,1,100.0,0,2,3,5,1,0,0,12646.38,-951.56,-0.21,100.0,0,2,2,5,3,1,0,10636.06,-3328.5,-0.41,0.0,0,0,0,0,0,0,0,0.0,0.0,0.0,100.0,0,2,3,4,6,0,0,13234.75,-2147.69,-0.17,3,300.0
1339,20,96.62,0,2,3,5,4,5,1,2145.0,14368.84,-0.17,100.0,0,3,3,5,7,4,0,3849.62,12829.41,-0.02,97.71,0,2,3,11,4,4,1,-932.75,15025.81,-1.19,0.0,0,0,0,0,0,0,0,0.0,0.0,0.0,3,294.33
1339,12,0.0,0,0,0,0,0,0,0,0.0,0.0,0.0,0.0,0,0,0,0,0,0,0,0.0,0.0,0.0,0.0,0,0,0,0,0,0,0,0.0,0.0,0.0,100.0,0,2,2,1,0,0,0,16742.12,589.06,-0.31,1,100.0
1339,13,0.0,0,0,0,0,0,0,0,0.0,0.0,0.0,0.0,0,0,0,0,0,0,0,0.0,0.0,0.0,0.0,0,0,0,0,0,0,0,0.0,0.0,0.0,0.0,0,0,0,0,0,0,0,0.0,0.0,0.0,0,0.0
1340,1,100.0,0,2,3,5,1,0,0,12057.75,-1057.78,-0.26,100.0,0,2,2,5,3,1,0,10636.06,-3328.5,-0.4,0.0,0,0,0,0,0,0,0,0.0,0.0,0.0,100.0,0,2,3,4,6,0,0,13234.75,-2147.69,-0.16,3,300.0
1340,20,96.62,0,2,3,5,4,5,1,2145.0,14368.84,-0.17,100.0,0,3,3,5,7,4,0,3849.62,12829.41,-0.01,97.71,0,2,3,11,4,4,1,-932.75,15025.81,-1.19,0.0,0,0,0,0,0,0,0,0.0,0.0,0.0,3,294.33
1340,12,0.0,0,0,0,0,0,0,0,0.0,0.0,0.0,0.0,0,0,0,0,0,0,0,0.0,0.0,0.0,0.0,0,0,0,0,0,0,0,0.0,0.0,0.0,100.0,0,2,2,1,0,0,0,16742.12,589.06,-0.3,1,100.0
1340,13,0.0,0,0,0,0,0,0,0,0.0,0.0,0.0,0.0,0,0,0,0,0,0,0,0.0,0.0,0.0,0.0,0,0,0,0,0,0,0,0.0,0.0,0.0,0.0,0,0,0,0,0,0,0,0.0,0.0,0.0,0,0.0
1341,1,100.0,0,2,3,5,1,0,0,12057.75,-1057.78,-0.34,100.0,0,2,2,5,3,1,0,10636.06,-3328.5,-0.48,0.0,0,0,0,0,0,0,0,0.0,0.0,0.0,100.0,0,2,3,4,6,0,0,13234.75,-2147.69,-0.24,3,300.0
1341,20,96.62,0,2,3,5,4,5,1,2145.0,14368.84,-0.25,100.0,0,3,3,5,7,4,0,7551.38,9590.75,0.59,97.71,0,2,3,11,4,4,1,-932.75,15025.81,-1.24,0.0,0,0,0,0,0,0,0,0.0,0.0,0.0,3,294.33
1341,12,0.0,0,0,0,0,0,0,0,0.0,0.0,0.0,0.0,0,0,0,0,0,0,0,0.0,0.0,0.0,0.0,0,0,0,0,0,0,0,0.0,0.0,0.0,100.0,0,2,2,1,0,0,0,16742.12,589.06,-0.38,1,100.0
1341,13,0.0,0,0,0,0,0,0,0,0.0,0.0,0.0,0.0,0,0,0,0,0,0,0,0.0,0.0,0.0,0.0,0,0,0,0,0,0,0,0.0,0.0,0.0,0.0,0,0,0,0,0,0,0,0.0,0.0,0.0,0,0.0
1342,1,100.0,0,2,3,5,1,0,0,12057.75,-1057.78,-0.7,100.0,0,2,2,5,3,1,0,10636.06,-3328.5,-0.82,0.0,0,0,0,0,0,0,0,0.0,0.0,0.0,100.0,0,2,3,4,6,0,0,13234.75,-2147.69,-0.61,3,300.0
1342,20,96.62,0,2,3,5,4,5,1,2145.0,14368.84,-0.61,100.0,0,3,3,5,7,4,0,7551.38,9590.75,0.14,99.71,0,2,3,11,4,4,1,14171.06,7870.59,1.61,0.0,0,0,0,0,0,0,0,0.0,0.0,0.0,3,296.33
1342,12,0.0,0,0,0,0,0,0,0,0.0,0.0,0.0,0.0,0,0,0,0,0,0,0,0.0,0.0,0.0,0.0,0,0,0,0,0,0,0,0.0,0.0,0.0,100.0,0,2,2,1,0,0,0,16742.12,589.06,-0.73,1,100.0
1342,13,0.0,0,0,0,0,0,0,0,0.0,0.0,0.0,0.0,0,0,0,0,0,0,0,0.0,0.0,0.0,0.0,0,0,0,0,0,0,0,0.0,0.0,0.0,0.0,0,0,0,0,0,0,0,0.0,0.0,0.0,0,0.0
1343,1,100.0,0,2,3,5,1,0,0,12057.75,-1057.78,-0.7,100.0,0,2,2,5,3,1,0,10636.06,-3328.5,-0.82,0.0,0,0,0,0,0,0,0,0.0,0.0,0.0,100.0,0,2,3,4,6,0,0,13234.75,-2147.69,-0.61,3,300.0
1343,20,96.62,0,2,3,5,4,5,1,2145.0,14368.84,-0.61,100.0,0,3,3,5,7,4,0,7551.38,9590.75,0.14,99.71,0,2,3,11,4,4,1,14171.06,7870.59,1.61,0.0,0,0,0,0,0,0,0,0.0,0.0,0.0,3,296.33
1343,12,0.0,0,0,0,0,0,0,0,0.0,0.0,0.0,0.0,0,0,0,0,0,0,0,0.0,0.0,0.0,0.0,0,0,0,0,0,0,0,0.0,0.0,0.0,100.0,0,2,2,1,0,0,0,16742.12,589.06,-0.73,1,100.0
1343,13,0.0,0,0,0,0,0,0,0,0.0,0.0,0.0,0.0,0,0,0,0,0,0,0,0.0,0.0,0.0,0.0,0,0,0,0,0,0,0,0.0,0.0,0.0,0.0,0,0,0,0,0,0,0,0.0,0.0,0.0,0,0.0
1344,1,100.0,0,2,3,5,1,0,0,12057.75,-1057.78,-0.89,100.0,0,2,2,5,3,1,0,10636.06,-3328.5,-1.0,0.0,0,0,0,0,0,0,0,0.0,0.0,0.0,100.0,0,2,3,4,6,0,0,13234.75,-2147.69,-0.81,3,300.0
1344,20,99.62,0,2,3,5,4,5,0,14634.19,6661.78,1.31,100.0,0,3,3,5,7,4,0,7551.38,9590.75,-0.14,99.71,0,2,3,11,4,4,1,14171.06,7870.59,1.18,0.0,0,0,0,0,0,0,0,0.0,0.0,0.0,3,299.33
1344,12,0.0,0,0,0,0,0,0,0,0.0,0.0,0.0,0.0,0,0,0,0,0,0,0,0.0,0.0,0.0,0.0,0,0,0,0,0,0,0,0.0,0.0,0.0,100.0,0,2,2,1,0,0,0,16742.12,589.06,-0.92,1,100.0
1344,13,0.0,0,0,0,0,0,0,0,0.0,0.0,0.0,0.0,0,0,0,0,0,0,0,0.0,0.0,0.0,0.0,0,0,0,0,0,0,0,0.0,0.0,0.0,0.0,0,0,0,0,0,0,0,0.0,0.0,0.0,0,0.0
1345,1,100.0,0,2,3,5,1,0,0,12057.75,-1057.78,-0.9,100.0,0,2,2,5,3,1,0,10084.81,-2716.59,-0.97,0.0,0,0,0,0,0,0,0,0.0,0.0,0.0,100.0,0,2,3,4,6,0,0,13234.75,-2147.69,-0.82,3,300.0
1345,20,99.62,0,2,3,5,4,5,0,14634.19,6661.78,1.31,100.0,0,3,3,5,7,4,0,7551.38,9590.75,-0.14,99.71,0,2,3,11,4,4,1,14171.06,7870.59,1.18,0.0,0,0,0,0,0,0,0,0.0,0.0,0.0,3,299.33
1345,12,0.0,0,0,0,0,0,0,0,0.0,0.0,0.0,0.0,0,0,0,0,0,0,0,0.0,0.0,0.0,0.0,0,0,0,0,0,0,0,0.0,0.0,0.0,100.0,0,2,2,1,0,0,0,16742.12,589.06,-0.93,1,100.0
1345,13,0.0,0,0,0,0,0,0,0,0.0,0.0,0.0,0.0,0,0,0,0,0,0,0,0.0,0.0,0.0,0.0,0,0,0,0,0,0,0,0.0,0.0,0.0,0.0,0,0,0,0,0,0,0,0.0,0.0,0.0,0,0.0
1346,1,100.0,0,2,3,5,1,0,0,12057.75,-1057.78,-0.89,100.0,0,2,2,5,3,1,0,10084.81,-2716.59,-0.96,0.0,0,0,0,0,0,0,0,0.0,0.0,0.0,100.0,0,2,3,4,6,0,0,13234.75,-2147.69,-0.81,3,300.0
1346,20,99.62,0,2,3,5,4,5,0,14634.19,6661.78,1.31,100.0,0,3,3,5,7,4,0,7551.38,9590.75,-0.14,99.71,0,2,3,11,4,4,1,14171.06,7870.59,1.18,0.0,0,0,0,0,0,0,0,0.0,0.0,0.0,3,299.33
1346,12,0.0,0,0,0,0,0,0,0,0.0,0.0,0.0,0.0,0,0,0,0,0,0,0,0.0,0.0,0.0,0.0,0,0,0,0,0,0,0,0.0,0.0,0.0,100.0,0,2,2,1,0,0,0,16934.81,945.72,-0.96,1,100.0
1346,13,0.0,0,0,0,0,0,0,0,0.0,0.0,0.0,0.0,0,0,0,0,0,0,0,0.0,0.0,0.0,0.0,0,0,0,0,0,0,0,0.0,0.0,0.0,0.0,0,0,0,0,0,0,0,0.0,0.0,0.0,0,0.0
1347,1,100.0,0,2,3,5,1,0,0,12057.75,-1057.78,-0.98,100.0,0,2,2,5,3,1,0,10084.81,-2716.59,-1.06,0.0,0,0,0,0,0,0,0,0.0,0.0,0.0,0.0,0,0,0,0,0,0,0,0.0,0.0,0.0,2,200.0
1347,20,99.62,0,2,3,5,4,6,0,14634.19,6661.78,1.17,100.0,0,3,3,5,7,4,0,7551.38,9590.75,-0.25,99.71,0,2,3,11,4,4,1,14171.06,7870.59,1.04,0.0,0,0,0,0,0,0,0,0.0,0.0,0.0,3,299.33
1347,12,0.0,0,0,0,0,0,0,0,0.0,0.0,0.0,0.0,0,0,0,0,0,0,0,0.0,0.0,0.0,0.0,0,0,0,0,0,0,0,0.0,0.0,0.0,100.0,0,2,2,1,0,0,0,16934.81,945.72,-1.06,1,100.0
1347,13,0.0,0,0,0,0,0,0,0,0.0,0.0,0.0,0.0,0,0,0,0,0,0,0,0.0,0.0,0.0,0.0,0,0,0,0,0,0,0,0.0,0.0,0.0,0.0,0,0,0,0,0,0,0,0.0,0.0,0.0,0,0.0
1348,1,100.0,0,2,3,5,1,0,0,10441.88,-1027.56,-1.04,100.0,0,2,2,5,3,1,0,10084.81,-2716.59,-1.04,0.0,0,0,0,0,0,0,0,0.0,0.0,0.0,0.0,0,0,0,0,0,0,0,0.0,0.0,0.0,2,200.0
1348,20,99.62,0,2,3,5,4,6,0,14634.19,6661.78,1.17,100.0,0,3,3,5,7,4,0,7551.38,9590.75,-0.23,99.71,0,2,3,11,4,4,1,14171.06,7870.59,1.04,0.0,0,0,0,0,0,0,0,0.0,0.0,0.0,3,299.33
1348,12,0.0,0,0,0,0,0,0,0,0.0,0.0,0.0,0.0,0,0,0,0,0,0,0,0.0,0.0,0.0,0.0,0,0,0,0,0,0,0,0.0,0.0,0.0,100.0,0,2,2,1,0,0,0,16934.81,945.72,-1.04,1,100.0
1348,13,0.0,0,0,0,0,0,0,0,0.0,0.0,0.0,0.0,0,0,0,0,0,0,0,0.0,0.0,0.0,0.0,0,0,0,0,0,0,0,0.0,0.0,0.0,0.0,0,0,0,0,0,0,0,0.0,0.0,0.0,0,0.0
1349,1,100.0,0,2,3,5,1,0,0,10441.88,-1027.56,-1.12,100.0,0,2,2,5,3,1,0,10084.81,-2716.59,-1.12,0.0,0,0,0,0,0,0,0,0.0,0.0,0.0,0.0,0,0,0,0,0,0,0,0.0,0.0,0.0,2,200.0
1349,20,99.62,0,2,3,5,4,6,0,14634.19,6661.78,1.08,100.0,0,3,3,5,7,4,0,11600.69,6276.59,0.29,99.71,0,2,3,11,4,4,1,14171.06,7870.59,0.95,0.0,0,0,0,0,0,0,0,0.0,0.0,0.0,3,299.33
1349,12,0.0,0,0,0,0,0,0,0,0.0,0.0,0.0,0.0,0,0,0,0,0,0,0,0.0,0.0,0.0,0.0,0,0,0,0,0,0,0,0.0,0.0,0.0,100.0,0,2,2,1,0,0,0,16934.81,945.72,-1.12,1,100.0
1349,13,0.0,0,0,0,0,0,0,0,0.0,0.0,0.0,0.0,0,0,0,0,0,0,0,0.0,0.0,0.0,0.0,0,0,0,0,0,0,0,0.0,0.0,0.0,0.0,0,0,0,0,0,0,0,0.0,0.0,0.0,0,0.0
1350,1,100.0,0,2,3,5,1,0,0,10441.88,-1027.56,-1.11,100.0,0,2,2,5,3,1,0,10084.81,-2716.59,-1.11,0.0,0,0,0,0,0,0,0,0.0,0.0,0.0,0.0,0,0,0,0,0,0,0,0.0,0.0,0.0,2,200.0
1350,20,99.62,0,2,3,5,4,6,0,14634.19,6661.78,1.01,100.0,0,3,3,5,7,4,0,11600.69,6276.59,0.25,100.0,0,2,3,11,4,4,0,14475.0,6506.16,1.12,0.0,0,0,0,0,0,0,0,0.0,0.0,0.0,3,299.62
1350,12,0.0,0,0,0,0,0,0,0,0.0,0.0,0.0,0.0,0,0,0,0,0,0,0,0.0,0.0,0.0,0.0,0,0,0,0,0,0,0,0.0,0.0,0.0,100.0,0,2,2,1,0,0,0,16934.81,945.72,-1.12,1,100.0
1350,13,0.0,0,0,0,0,0,0,0,0.0,0.0,0.0,0.0,0,0,0,0,0,0,0,0.0,0.0,0.0,0.0,0,0,0,0,0,0,0,0.0,0.0,0.0,0.0,0,0,0,0,0,0,0,0.0,0.0,0.0,0,0.0
1351,1,100.0,0,2,3,5,1,0,0,10441.88,-1027.56,-1.11,100.0,0,2,2,5,3,1,0,10084.81,-2716.59,-1.11,0.0,0,0,0,0,0,0,0,0.0,0.0,0.0,0.0,0,0,0,0,0,0,0,0.0,0.0,0.0,2,200.0
1351,20,99.62,0,2,3,5,4,6,0,14634.19,6661.78,1.01,100.0,0,3,3,5,7,4,0,11600.69,6276.59,0.25,100.0,0,2,3,11,4,4,0,14475.0,6506.16,1.12,0.0,0,0,0,0,0,0,0,0.0,0.0,0.0,3,299.62
1351,12,0.0,0,0,0,0,0,0,0,0.0,0.0,0.0,0.0,0,0,0,0,0,0,0,0.0,0.0,0.0,0.0,0,0,0,0,0,0,0,0.0,0.0,0.0,100.0,0,2,2,1,0,0,0,16934.81,945.72,-1.12,1,100.0
1351,13,0.0,0,0,0,0,0,0,0,0.0,0.0,0.0,0.0,0,0,0,0,0,0,0,0.0,0.0,0.0,0.0,0,0,0,0,0,0,0,0.0,0.0,0.0,0.0,0,0,0,0,0,0,0,0.0,0.0,0.0,0,0.0
1352,1,100.0,0,2,3,5,1,0,0,10441.88,-1027.56,-1.11,100.0,0,2,2,5,3,1,0,10084.81,-2716.59,-1.11,0.0,0,0,0,0,0,0,0,0.0,0.0,0.0,0.0,0,0,0,0,0,0,0,0.0,0.0,0.0,2,200.0
1352,20,100.0,0,2,3,5,4,6,0,14659.69,6667.28,1.05,100.0,0,3,3,5,7,4,0,11600.69,6276.59,0.24,100.0,0,2,3,11,4,4,0,14475.0,6506.16,1.1,0.0,0,0,0,0,0,0,0,0.0,0.0,0.0,3,300.0
1352,12,0.0,0,0,0,0,0,0,0,0.0,0.0,0.0,0.0,0,0,0,0,0,0,0,0.0,0.0,0.0,0.0,0,0,0,0,0,0,0,0.0,0.0,0.0,100.0,0,2,2,1,0,0,0,16934.81,945.72,-1.11,1,100.0
1352,13,0.0,0,0,0,0,0,0,0,0.0,0.0,0.0,0.0,0,0,0,0,0,0,0,0.0,0.0,0.0,0.0,0,0,0,0,0,0,0,0.0,0.0,0.0,0.0,0,0,0,0,0,0,0,0.0,0.0,0.0,0,0.0
1353,1,100.0,0,2,3,5,1,0,0,10441.88,-1027.56,-1.11,100.0,0,2,2,5,3,1,0,10758.75,-3209.03,-1.12,0.0,0,0,0,0,0,0,0,0.0,0.0,0.0,0.0,0,0,0,0,0,0,0,0.0,0.0,0.0,2,200.0
1353,20,100.0,0,2,3,5,4,6,0,14659.69,6667.28,1.05,100.0,0,3,3,5,7,4,0,11600.69,6276.59,0.24,100.0,0,2,3,11,4,4,0,14475.0,6506.16,1.1,0.0,0,0,0,0,0,0,0,0.0,0.0,0.0,3,300.0
1353,12,0.0,0,0,0,0,0,0,0,0.0,0.0,0.0,0.0,0,0,0,0,0,0,0,0.0,0.0,0.0,0.0,0,0,0,0,0,0,0,0.0,0.0,0.0,100.0,0,2,2,1,0,0,0,16934.81,945.72,-1.11,1,100.0
1353,13,0.0,0,0,0,0,0,0,0,0.0,0.0,0.0,0.0,0,0,0,0,0,0,0,0.0,0.0,0.0,0.0,0,0,0,0,0,0,0,0.0,0.0,0.0,0.0,0,0,0,0,0,0,0,0.0,0.0,0.0,0,0.0
1354,1,100.0,0,2,3,5,1,0,0,10441.88,-1027.56,-1.11,100.0,0,2,2,5,3,1,0,10758.75,-3209.03,-1.11,0.0,0,0,0,0,0,0,0,0.0,0.0,0.0,0.0,0,0,0,0,0,0,0,0.0,0.0,0.0,2,200.0
1354,20,100.0,0,2,3,5,4,6,0,14659.69,6667.28,1.05,100.0,0,3,3,5,7,4,0,11600.69,6276.59,0.24,100.0,0,2,3,11,4,4,0,14475.0,6506.16,1.1,0.0,0,0,0,0,0,0,0,0.0,0.0,0.0,3,300.0
1354,12,0.0,0,0,0,0,0,0,0,0.0,0.0,0.0,0.0,0,0,0,0,0,0,0,0.0,0.0,0.0,0.0,0,0,0,0,0,0,0,0.0,0.0,0.0,100.0,0,2,2,1,0,0,0,16915.25,1054.72,-1.12,1,100.0
1354,13,0.0,0,0,0,0,0,0,0,0.0,0.0,0.0,0.0,0,0,0,0,0,0,0,0.0,0.0,0.0,0.0,0,0,0,0,0,0,0,0.0,0.0,0.0,0.0,0,0,0,0,0,0,0,0.0,0.0,0.0,0,0.0
1355,1,100.0,0,2,3,5,1,0,0,10441.88,-1027.56,-1.11,100.0,0,2,2,5,3,1,0,10758.75,-3209.03,-1.11,0.0,0,0,0,0,0,0,0,0.0,0.0,0.0,0.0,0,0,0,0,0,0,0,0.0,0.0,0.0,2,200.0
1355,20,100.0,0,2,3,5,4,6,0,14659.69,6667.28,1.05,100.0,0,3,3,5,7,4,0,11600.69,6276.59,0.24,100.0,0,2,3,11,4,4,0,14475.0,6506.16,1.1,0.0,0,0,0,0,0,0,0,0.0,0.0,0.0,3,300.0
1355,12,0.0,0,0,0,0,0,0,0,0.0,0.0,0.0,0.0,0,0,0,0,0,0,0,0.0,0.0,0.0,0.0,0,0,0,0,0,0,0,0.0,0.0,0.0,100.0,0,2,2,1,0,0,0,16915.25,1054.72,-1.12,1,100.0
1355,13,0.0,0,0,0,0,0,0,0,0.0,0.0,0.0,0.0,0,0,0,0,0,0,0,0.0,0.0,0.0,0.0,0,0,0,0,0,0,0,0.0,0.0,0.0,0.0,0,0,0,0,0,0,0,0.0,0.0,0.0,0,0.0
1356,1,100.0,0,2,3,5,1,0,0,10450.19,-1019.38,-1.11,100.0,0,2,2,5,3,1,0,10758.75,-3209.03,-1.11,0.0,0,0,0,0,0,0,0,0.0,0.0,0.0,0.0,0,0,0,0,0,0,0,0.0,0.0,0.0,2,200.0
1356,20,100.0,0,2,3,5,4,6,0,14659.69,6667.28,1.05,100.0,0,3,3,5,7,4,0,11600.69,6276.59,0.24,100.0,0,2,3,11,4,4,0,14475.0,6506.16,1.1,0.0,0,0,0,0,0,0,0,0.0,0.0,0.0,3,300.0
1356,12,0.0,0,0,0,0,0,0,0,0.0,0.0,0.0,0.0,0,0,0,0,0,0,0,0.0,0.0,0.0,0.0,0,0,0,0,0,0,0,0.0,0.0,0.0,100.0,0,2,2,1,0,0,0,16915.25,1054.72,-1.12,1,100.0
1356,13,0.0,0,0,0,0,0,0,0,0.0,0.0,0.0,0.0,0,0,0,0,0,0,0,0.0,0.0,0.0,0.0,0,0,0,0,0,0,0,0.0,0.0,0.0,0.0,0,0,0,0,0,0,0,0.0,0.0,0.0,0,0.0
1357,1,100.0,0,2,3,5,1,0,0,10450.19,-1019.38,-1.08,100.0,0,2,2,5,3,1,0,10758.75,-3209.03,-1.08,0.0,0,0,0,0,0,0,0,0.0,0.0,0.0,0.0,0,0,0,0,0,0,0,0.0,0.0,0.0,2,200.0
1357,20,100.0,0,2,3,5,4,6,0,14659.69,6667.28,1.09,100.0,0,3,3,5,7,4,0,10670.38,8395.03,0.01,100.0,0,2,3,11,4,4,0,14475.0,6506.16,1.15,0.0,0,0,0,0,0,0,0,0.0,0.0,0.0,3,300.0
1357,12,0.0,0,0,0,0,0,0,0,0.0,0.0,0.0,0.0,0,0,0,0,0,0,0,0.0,0.0,0.0,0.0,0,0,0,0,0,0,0,0.0,0.0,0.0,100.0,0,2,2,1,0,0,0,16915.25,1054.72,-1.09,1,100.0
1357,13,0.0,0,0,0,0,0,0,0,0.0,0.0,0.0,0.0,0,0,0,0,0,0,0,0.0,0.0,0.0,0.0,0,0,0,0,0,0,0,0.0,0.0,0.0,0.0,0,0,0,0,0,0,0,0.0,0.0,0.0,0,0.0
1358,1,100.0,0,2,3,5,1,0,0,10450.19,-1019.38,-1.07,100.0,0,2,2,5,3,1,0,10758.75,-3209.03,-1.08,0.0,0,0,0,0,0,0,0,0.0,0.0,0.0,0.0,0,0,0,0,0,0,0,0.0,0.0,0.0,2,200.0
1358,20,100.0,0,2,3,5,4,6,0,14659.69,6667.28,1.3,100.0,0,3,3,5,7,4,0,10670.38,8395.03,0.12,100.0,0,2,3,11,4,4,0,11594.06,5994.34,0.63,0.0,0,0,0,0,0,0,0,0.0,0.0,0.0,3,300.0
1358,12,0.0,0,0,0,0,0,0,0,0.0,0.0,0.0,0.0,0,0,0,0,0,0,0,0.0,0.0,0.0,0.0,0,0,0,0,0,0,0,0.0,0.0,0.0,100.0,0,2,2,1,0,0,0,16915.25,1054.72,-1.08,1,100.0
1358,13,0.0,0,0,0,0,0,0,0,0.0,0.0,0.0,0.0,0,0,0,0,0,0,0,0.0,0.0,0.0,0.0,0,0,0,0,0,0,0,0.0,0.0,0.0,0.0,0,0,0,0,0,0,0,0.0,0.0,0.0,0,0.0
1359,1,100.0,0,2,3,5,1,0,0,10450.19,-1019.38,-1.07,100.0,0,2,2,5,3,1,0,10758.75,-3209.03,-1.08,0.0,0,0,0,0,0,0,0,0.0,0.0,0.0,0.0,0,0,0,0,0,0,0,0.0,0.0,0.0,2,200.0
1359,20,100.0,0,2,3,5,4,6,0,14659.69,6667.28,1.3,100.0,0,3,3,5,7,4,0,10670.38,8395.03,0.12,100.0,0,2,3,11,4,4,0,11594.06,5994.34,0.63,0.0,0,0,0,0,0,0,0,0.0,0.0,0.0,3,300.0
1359,12,0.0,0,0,0,0,0,0,0,0.0,0.0,0.0,0.0,0,0,0,0,0,0,0,0.0,0.0,0.0,0.0,0,0,0,0,0,0,0,0.0,0.0,0.0,100.0,0,2,2,1,0,0,0,16915.25,1054.72,-1.08,1,100.0
1359,13,0.0,0,0,0,0,0,0,0,0.0,0.0,0.0,0.0,0,0,0,0,0,0,0,0.0,0.0,0.0,0.0,0,0,0,0,0,0,0,0.0,0.0,0.0,0.0,0,0,0,0,0,0,0,0.0,0.0,0.0,0,0.0
1360,1,100.0,0,2,3,5,1,0,0,10450.19,-1019.38,-1.07,100.0,0,2,2,5,3,1,0,10758.75,-3209.03,-1.07,0.0,0,0,0,0,0,0,0,0.0,0.0,0.0,0.0,0,0,0,0,0,0,0,0.0,0.0,0.0,2,200.0
1360,20,100.0,0,2,3,5,4,6,0,14385.94,6693.06,1.36,100.0,0,3,3,5,7,4,0,10670.38,8395.03,0.1,100.0,0,2,3,11,4,4,0,11594.06,5994.34,0.6,0.0,0,0,0,0,0,0,0,0.0,0.0,0.0,3,300.0
1360,12,0.0,0,0,0,0,0,0,0,0.0,0.0,0.0,0.0,0,0,0,0,0,0,0,0.0,0.0,0.0,0.0,0,0,0,0,0,0,0,0.0,0.0,0.0,100.0,0,2,2,1,0,0,0,16915.25,1054.72,-1.08,1,100.0
1360,13,0.0,0,0,0,0,0,0,0,0.0,0.0,0.0,0.0,0,0,0,0,0,0,0,0.0,0.0,0.0,0.0,0,0,0,0,0,0,0,0.0,0.0,0.0,0.0,0,0,0,0,0,0,0,0.0,0.0,0.0,0,0.0
1361,1,100.0,0,2,3,5,1,0,0,10450.19,-1019.38,-1.09,100.0,0,2,2,5,3,1,0,10893.44,-3200.56,-1.02,0.0,0,0,0,0,0,0,0,0.0,0.0,0.0,0.0,0,0,0,0,0,0,0,0.0,0.0,0.0,2,200.0
1361,20,100.0,0,2,3,5,4,6,0,14385.94,6693.06,1.36,100.0,0,3,3,5,7,4,0,10670.38,8395.03,0.09,100.0,0,2,3,11,4,4,0,11594.06,5994.34,0.6,0.0,0,0,0,0,0,0,0,0.0,0.0,0.0,3,300.0
1361,12,0.0,0,0,0,0,0,0,0,0.0,0.0,0.0,0.0,0,0,0,0,0,0,0,0.0,0.0,0.0,0.0,0,0,0,0,0,0,0,0.0,0.0,0.0,100.0,0,2,2,1,0,0,0,16915.25,1054.72,-1.1,1,100.0
1361,13,0.0,0,0,0,0,0,0,0,0.0,0.0,0.0,0.0,0,0,0,0,0,0,0,0.0,0.0,0.0,0.0,0,0,0,0,0,0,0,0.0,0.0,0.0,0.0,0,0,0,0,0,0,0,0.0,0.0,0.0,0,0.0
1362,1,100.0,0,2,3,5,1,0,0,10450.19,-1019.38,-1.09,100.0,0,2,2,5,3,1,0,10893.44,-3200.56,-1.02,0.0,0,0,0,0,0,0,0,0.0,0.0,0.0,0.0,0,0,0,0,0,0,0,0.0,0.0,0.0,2,200.0
1362,20,100.0,0,2,3,5,4,6,0,14385.94,6693.06,1.36,100.0,0,3,3,5,7,4,0,10670.38,8395.03,0.09,100.0,0,2,3,11,4,4,0,11594.06,5994.34,0.6,0.0,0,0,0,0,0,0,0,0.0,0.0,0.0,3,300.0
1362,12,0.0,0,0,0,0,0,0,0,0.0,0.0,0.0,0.0,0,0,0,0,0,0,0,0.0,0.0,0.0,0.0,0,0,0,0,0,0,0,0.0,0.0,0.0,100.0,0,2,2,1,0,0,0,16915.25,1054.72,-1.1,1,100.0
1362,13,0.0,0,0,0,0,0,0,0,0.0,0.0,0.0,0.0,0,0,0,0,0,0,0,0.0,0.0,0.0,0.0,0,0,0,0,0,0,0,0.0,0.0,0.0,0.0,0,0,0,0,0,0,0,0.0,0.0,0.0,0,0.0
1363,1,100.0,0,2,3,5,1,0,0,10450.19,-1019.38,-1.09,100.0,0,2,2,5,3,1,0,10893.44,-3200.56,-1.02,0.0,0,0,0,0,0,0,0,0.0,0.0,0.0,0.0,0,0,0,0,0,0,0,0.0,0.0,0.0,2,200.0
1363,20,100.0,0,2,3,5,4,6,0,14385.94,6693.06,1.36,100.0,0,3,3,5,7,4,0,10670.38,8395.03,0.09,100.0,0,2,3,11,4,4,0,11594.06,5994.34,0.6,0.0,0,0,0,0,0,0,0,0.0,0.0,0.0,3,300.0
1363,12,0.0,0,0,0,0,0,0,0,0.0,0.0,0.0,0.0,0,0,0,0,0,0,0,0.0,0.0,0.0,0.0,0,0,0,0,0,0,0,0.0,0.0,0.0,100.0,0,2,2,1,0,0,0,16915.25,1054.72,-1.1,1,100.0
1363,13,0.0,0,0,0,0,0,0,0,0.0,0.0,0.0,0.0,0,0,0,0,0,0,0,0.0,0.0,0.0,0.0,0,0,0,0,0,0,0,0.0,0.0,0.0,0.0,0,0,0,0,0,0,0,0.0,0.0,0.0,0,0.0
1364,1,100.0,0,2,3,5,1,0,0,10431.75,-1023.22,-1.09,100.0,0,2,2,5,3,1,0,10893.44,-3200.56,-1.02,0.0,0,0,0,0,0,0,0,0.0,0.0,0.0,0.0,0,0,0,0,0,0,0,0.0,0.0,0.0,2,200.0
1364,20,100.0,0,2,3,5,4,6,0,14385.94,6693.06,1.36,100.0,0,3,3,5,7,4,0,10670.38,8395.03,0.09,100.0,0,2,3,11,4,4,0,11594.06,5994.34,0.6,0.0,0,0,0,0,0,0,0,0.0,0.0,0.0,3,300.0
1364,12,0.0,0,0,0,0,0,0,0,0.0,0.0,0.0,0.0,0,0,0,0,0,0,0,0.0,0.0,0.0,0.0,0,0,0,0,0,0,0,0.0,0.0,0.0,100.0,0,2,2,1,0,0,0,16915.25,1054.72,-1.1,1,100.0
1364,13,0.0,0,0,0,0,0,0,0,0.0,0.0,0.0,0.0,0,0,0,0,0,0,0,0.0,0.0,0.0,0.0,0,0,0,0,0,0,0,0.0,0.0,0.0,0.0,0,0,0,0,0,0,0,0.0,0.0,0.0,0,0.0
1365,1,100.0,0,2,3,5,1,0,0,10431.75,-1023.22,-1.12,100.0,0,2,2,5,3,1,0,10893.44,-3200.56,-1.06,0.0,0,0,0,0,0,0,0,0.0,0.0,0.0,0.0,0,0,0,0,0,0,0,0.0,0.0,0.0,2,200.0
1365,20,100.0,0,2,3,5,4,6,0,14385.94,6693.06,1.3,100.0,0,3,3,5,7,4,0,11370.75,6172.91,0.39,100.0,0,2,3,11,4,4,0,11594.06,5994.34,0.54,0.0,0,0,0,0,0,0,0,0.0,0.0,0.0,3,300.0
1365,12,0.0,0,0,0,0,0,0,0,0.0,0.0,0.0,0.0,0,0,0,0,0,0,0,0.0,0.0,0.0,0.0,0,0,0,0,0,0,0,0.0,0.0,0.0,100.0,0,2,2,1,0,0,0,16915.25,1054.72,-1.13,1,100.0
1365,13,0.0,0,0,0,0,0,0,0,0.0,0.0,0.0,0.0,0,0,0,0,0,0,0,0.0,0.0,0.0,0.0,0,0,0,0,0,0,0,0.0,0.0,0.0,0.0,0,0,0,0,0,0,0,0.0,0.0,0.0,0,0.0
1366,1,100.0,0,2,3,5,1,0,0,10431.75,-1023.22,-1.12,100.0,0,2,2,5,3,1,0,10893.44,-3200.56,-1.06,0.0,0,0,0,0,0,0,0,0.0,0.0,0.0,0.0,0,0,0,0,0,0,0,0.0,0.0,0.0,2,200.0
1366,20,100.0,0,2,3,5,4,6,0,14385.94,6693.06,1.31,100.0,0,3,3,5,7,4,0,11370.75,6172.91,0.39,100.0,0,2,3,11,4,4,0,11594.81,6014.0,0.52,0.0,0,0,0,0,0,0,0,0.0,0.0,0.0,3,300.0
1366,12,0.0,0,0,0,0,0,0,0,0.0,0.0,0.0,0.0,0,0,0,0,0,0,0,0.0,0.0,0.0,0.0,0,0,0,0,0,0,0,0.0,0.0,0.0,100.0,0,2,2,1,0,0,0,16915.25,1054.72,-1.13,1,100.0
1366,13,0.0,0,0,0,0,0,0,0,0.0,0.0,0.0,0.0,0,0,0,0,0,0,0,0.0,0.0,0.0,0.0,0,0,0,0,0,0,0,0.0,0.0,0.0,0.0,0,0,0,0,0,0,0,0.0,0.0,0.0,0,0.0
1367,1,100.0,0,2,3,5,1,0,0,10431.75,-1023.22,-1.12,100.0,0,2,2,5,3,1,0,10893.44,-3200.56,-1.06,0.0,0,0,0,0,0,0,0,0.0,0.0,0.0,0.0,0,0,0,0,0,0,0,0.0,0.0,0.0,2,200.0
1367,20,100.0,0,2,3,5,4,6,0,14385.94,6693.06,1.31,100.0,0,3,3,5,7,4,0,11370.75,6172.91,0.39,100.0,0,2,3,11,4,4,0,11594.81,6014.0,0.52,0.0,0,0,0,0,0,0,0,0.0,0.0,0.0,3,300.0
1367,12,0.0,0,0,0,0,0,0,0,0.0,0.0,0.0,0.0,0,0,0,0,0,0,0,0.0,0.0,0.0,0.0,0,0,0,0,0,0,0,0.0,0.0,0.0,100.0,0,2,2,1,0,0,0,16915.25,1054.72,-1.13,1,100.0
1367,13,0.0,0,0,0,0,0,0,0,0.0,0.0,0.0,0.0,0,0,0,0,0,0,0,0.0,0.0,0.0,0.0,0,0,0,0,0,0,0,0.0,0.0,0.0,0.0,0,0,0,0,0,0,0,0.0,0.0,0.0,0,0.0
1368,1,100.0,0,2,3,5,1,0,0,10431.75,-1023.22,-1.09,100.0,0,2,2,5,3,1,0,10893.44,-3200.56,-1.03,0.0,0,0,0,0,0,0,0,0.0,0.0,0.0,0.0,0,0,0,0,0,0,0,0.0,0.0,0.0,2,200.0
1368,20,100.0,0,2,3,5,4,6,0,15655.25,7280.41,1.51,100.0,0,3,3,5,7,4,0,11370.75,6172.91,0.31,100.0,0,2,3,11,4,4,0,11594.81,6014.0,0.44,0.0,0,0,0,0,0,0,0,0.0,0.0,0.0,3,300.0
1368,12,0.0,0,0,0,0,0,0,0,0.0,0.0,0.0,0.0,0,0,0,0,0,0,0,0.0,0.0,0.0,0.0,0,0,0,0,0,0,0,0.0,0.0,0.0,100.0,0,2,2,1,0,0,0,16915.25,1054.72,-1.1,1,100.0
1368,13,0.0,0,0,0,0,0,0,0,0.0,0.0,0.0,0.0,0,0,0,0,0,0,0,0.0,0.0,0.0,0.0,0,0,0,0,0,0,0,0.0,0.0,0.0,0.0,0,0,0,0,0,0,0,0.0,0.0,0.0,0,0.0
1369,1,100.0,0,2,3,5,1,0,0,10431.75,-1023.22,-1.08,100.0,0,2,2,5,3,1,0,10671.44,-3194.31,-1.06,0.0,0,0,0,0,0,0,0,0.0,0.0,0.0,0.0,0,0,0,0,0,0,0,0.0,0.0,0.0,2,200.0
1369,20,100.0,0,2,3,5,4,6,0,15655.25,7280.41,1.51,100.0,0,3,3,5,7,4,0,11370.75,6172.91,0.32,100.0,0,2,3,11,4,4,0,11594.81,6014.0,0.44,0.0,0,0,0,0,0,0,0,0.0,0.0,0.0,3,300.0
1369,12,0.0,0,0,0,0,0,0,0,0.0,0.0,0.0,0.0,0,0,0,0,0,0,0,0.0,0.0,0.0,0.0,0,0,0,0,0,0,0,0.0,0.0,0.0,100.0,0,2,2,1,0,0,0,16915.25,1054.72,-1.09,1,100.0
1369,13,0.0,0,0,0,0,0,0,0,0.0,0.0,0.0,0.0,0,0,0,0,0,0,0,0.0,0.0,0.0,0.0,0,0,0,0,0,0,0,0.0,0.0,0.0,0.0,0,0,0,0,0,0,0,0.0,0.0,0.0,0,0.0
1370,1,100.0,0,2,3,5,1,0,0,10431.75,-1023.22,-1.08,100.0,0,2,2,5,3,1,0,10671.44,-3194.31,-1.06,0.0,0,0,0,0,0,0,0,0.0,0.0,0.0,0.0,0,0,0,0,0,0,0,0.0,0.0,0.0,2,200.0
1370,20,100.0,0,2,3,5,4,6,0,15655.25,7280.41,1.51,100.0,0,3,3,5,7,4,0,11370.75,6172.91,0.32,100.0,0,2,3,11,4,4,0,11594.81,6014.0,0.44,0.0,0,0,0,0,0,0,0,0.0,0.0,0.0,3,300.0
1370,12,0.0,0,0,0,0,0,0,0,0.0,0.0,0.0,0.0,0,0,0,0,0,0,0,0.0,0.0,0.0,0.0,0,0,0,0,0,0,0,0.0,0.0,0.0,100.0,0,2,2,1,0,0,0,16915.25,1054.72,-1.09,1,100.0
1370,13,0.0,0,0,0,0,0,0,0,0.0,0.0,0.0,0.0,0,0,0,0,0,0,0,0.0,0.0,0.0,0.0,0,0,0,0,0,0,0,0.0,0.0,0.0,0.0,0,0,0,0,0,0,0,0.0,0.0,0.0,0,0.0
1371,1,100.0,0,2,3,5,1,0,0,10431.75,-1023.22,-1.08,100.0,0,2,2,5,3,1,0,10671.44,-3194.31,-1.06,0.0,0,0,0,0,0,0,0,0.0,0.0,0.0,0.0,0,0,0,0,0,0,0,0.0,0.0,0.0,2,200.0
1371,20,100.0,0,2,3,5,4,6,0,15655.25,7280.41,1.51,100.0,0,3,3,5,7,4,0,11370.75,6172.91,0.32,100.0,0,2,3,11,4,4,0,11594.81,6014.0,0.44,0.0,0,0,0,0,0,0,0,0.0,0.0,0.0,3,300.0
1371,12,0.0,0,0,0,0,0,0,0,0.0,0.0,0.0,0.0,0,0,0,0,0,0,0,0.0,0.0,0.0,0.0,0,0,0,0,0,0,0,0.0,0.0,0.0,100.0,0,2,2,1,0,0,0,16915.25,1054.72,-1.09,1,100.0
1371,13,0.0,0,0,0,0,0,0,0,0.0,0.0,0.0,0.0,0,0,0,0,0,0,0,0.0,0.0,0.0,0.0,0,0,0,0,0,0,0,0.0,0.0,0.0,0.0,0,0,0,0,0,0,0,0.0,0.0,0.0,0,0.0
1372,1,100.0,0,2,3,5,1,0,0,10411.88,-1067.03,-1.08,100.0,0,2,2,5,3,1,0,10671.44,-3194.31,-1.06,0.0,0,0,0,0,0,0,0,0.0,0.0,0.0,0.0,0,0,0,0,0,0,0,0.0,0.0,0.0,2,200.0
1372,20,100.0,0,2,3,5,4,6,0,15655.25,7280.41,1.51,100.0,0,3,3,5,7,4,0,11370.75,6172.91,0.32,100.0,0,2,3,11,4,4,0,11594.81,6014.0,0.44,0.0,0,0,0,0,0,0,0,0.0,0.0,0.0,3,300.0
1372,12,0.0,0,0,0,0,0,0,0,0.0,0.0,0.0,0.0,0,0,0,0,0,0,0,0.0,0.0,0.0,0.0,0,0,0,0,0,0,0,0.0,0.0,0.0,100.0,0,2,2,1,0,0,0,16915.25,1054.72,-1.09,1,100.0
1372,13,0.0,0,0,0,0,0,0,0,0.0,0.0,0.0,0.0,0,0,0,0,0,0,0,0.0,0.0,0.0,0.0,0,0,0,0,0,0,0,0.0,0.0,0.0,0.0,0,0,0,0,0,0,0,0.0,0.0,0.0,0,0.0
1373,1,100.0,0,2,3,5,1,0,0,10411.88,-1067.03,-1.09,100.0,0,2,2,5,3,1,0,10671.44,-3194.31,-1.07,0.0,0,0,0,0,0,0,0,0.0,0.0,0.0,0.0,0,0,0,0,0,0,0,0.0,0.0,0.0,2,200.0
1373,20,100.0,0,2,3,5,4,6,0,15655.25,7280.41,1.49,100.0,0,3,3,5,7,4,0,11479.5,6048.69,0.4,100.0,0,2,3,11,4,4,0,11594.81,6014.0,0.42,0.0,0,0,0,0,0,0,0,0.0,0.0,0.0,3,300.0
1373,12,0.0,0,0,0,0,0,0,0,0.0,0.0,0.0,0.0,0,0,0,0,0,0,0,0.0,0.0,0.0,0.0,0,0,0,0,0,0,0,0.0,0.0,0.0,100.0,0,2,2,1,0,0,0,16915.25,1054.72,-1.1,1,100.0
1373,13,0.0,0,0,0,0,0,0,0,0.0,0.0,0.0,0.0,0,0,0,0,0,0,0,0.0,0.0,0.0,0.0,0,0,0,0,0,0,0,0.0,0.0,0.0,0.0,0,0,0,0,0,0,0,0.0,0.0,0.0,0,0.0
1374,1,100.0,0,2,3,5,1,0,0,10411.88,-1067.03,-1.09,100.0,0,2,2,5,3,1,0,10671.44,-3194.31,-1.07,0.0,0,0,0,0,0,0,0,0.0,0.0,0.0,0.0,0,0,0,0,0,0,0,0.0,0.0,0.0,2,200.0
1374,20,100.0,0,2,3,5,4,6,0,15655.25,7280.41,1.48,100.0,0,3,3,5,7,4,0,11479.5,6048.69,0.4,100.0,0,2,3,11,4,4,0,11602.25,6003.97,0.43,0.0,0,0,0,0,0,0,0,0.0,0.0,0.0,3,300.0
1374,12,0.0,0,0,0,0,0,0,0,0.0,0.0,0.0,0.0,0,0,0,0,0,0,0,0.0,0.0,0.0,0.0,0,0,0,0,0,0,0,0.0,0.0,0.0,100.0,0,2,2,1,0,0,0,16915.25,1054.72,-1.1,1,100.0
1374,13,0.0,0,0,0,0,0,0,0,0.0,0.0,0.0,0.0,0,0,0,0,0,0,0,0.0,0.0,0.0,0.0,0,0,0,0,0,0,0,0.0,0.0,0.0,0.0,0,0,0,0,0,0,0,0.0,0.0,0.0,0,0.0
1375,1,100.0,0,2,3,5,1,0,0,10411.88,-1067.03,-1.09,100.0,0,2,2,5,3,1,0,10671.44,-3194.31,-1.07,0.0,0,0,0,0,0,0,0,0.0,0.0,0.0,0.0,0,0,0,0,0,0,0,0.0,0.0,0.0,2,200.0
1375,20,100.0,0,2,3,5,4,6,0,15655.25,7280.41,1.48,100.0,0,3,3,5,7,4,0,11479.5,6048.69,0.4,100.0,0,2,3,11,4,4,0,11602.25,6003.97,0.43,0.0,0,0,0,0,0,0,0,0.0,0.0,0.0,3,300.0
1375,12,0.0,0,0,0,0,0,0,0,0.0,0.0,0.0,0.0,0,0,0,0,0,0,0,0.0,0.0,0.0,0.0,0,0,0,0,0,0,0,0.0,0.0,0.0,100.0,0,2,2,1,0,0,0,16915.25,1054.72,-1.1,1,100.0
1375,13,0.0,0,0,0,0,0,0,0,0.0,0.0,0.0,0.0,0,0,0,0,0,0,0,0.0,0.0,0.0,0.0,0,0,0,0,0,0,0,0.0,0.0,0.0,0.0,0,0,0,0,0,0,0,0.0,0.0,0.0,0,0.0
1376,1,100.0,0,2,3,5,1,0,0,10411.88,-1067.03,-1.02,100.0,0,2,2,5,3,1,0,10671.44,-3194.31,-1.0,0.0,0,0,0,0,0,0,0,0.0,0.0,0.0,0.0,0,0,0,0,0,0,0,0.0,0.0,0.0,2,200.0
1376,20,100.0,0,2,3,5,4,6,0,16937.81,6488.5,1.79,100.0,0,3,3,5,7,4,0,11479.5,6048.69,0.26,100.0,0,2,3,11,4,4,0,11602.25,6003.97,0.28,0.0,0,0,0,0,0,0,0,0.0,0.0,0.0,3,300.0
1376,12,0.0,0,0,0,0,0,0,0,0.0,0.0,0.0,0.0,0,0,0,0,0,0,0,0.0,0.0,0.0,0.0,0,0,0,0,0,0,0,0.0,0.0,0.0,100.0,0,2,2,1,0,0,0,16915.25,1054.72,-1.03,1,100.0
1376,13,0.0,0,0,0,0,0,0,0,0.0,0.0,0.0,0.0,0,0,0,0,0,0,0,0.0,0.0,0.0,0.0,0,0,0,0,0,0,0,0.0,0.0,0.0,0.0,0,0,0,0,0,0,0,0.0,0.0,0.0,0,0.0
1377,1,100.0,0,2,3,5,1,0,0,10411.88,-1067.03,-1.02,100.0,0,2,2,5,3,1,0,10639.5,-3329.78,-1.01,0.0,0,0,0,0,0,0,0,0.0,0.0,0.0,0.0,0,0,0,0,0,0,0,0.0,0.0,0.0,2,200.0
1377,20,100.0,0,2,3,5,4,6,0,16937.81,6488.5,1.79,100.0,0,3,3,5,7,4,0,11479.5,6048.69,0.26,100.0,0,2,3,11,4,4,0,11602.25,6003.97,0.28,0.0,0,0,0,0,0,0,0,0.0,0.0,0.0,3,300.0
1377,12,0.0,0,0,0,0,0,0,0,0.0,0.0,0.0,0.0,0,0,0,0,0,0,0,0.0,0.0,0.0,0.0,0,0,0,0,0,0,0,0.0,0.0,0.0,100.0,0,2,2,1,0,0,0,16915.25,1054.72,-1.03,1,100.0
1377,13,0.0,0,0,0,0,0,0,0,0.0,0.0,0.0,0.0,0,0,0,0,0,0,0,0.0,0.0,0.0,0.0,0,0,0,0,0,0,0,0.0,0.0,0.0,0.0,0,0,0,0,0,0,0,0.0,0.0,0.0,0,0.0
1378,1,100.0,0,2,3,5,1,0,0,10411.88,-1067.03,-1.03,100.0,0,2,2,5,3,1,0,10639.5,-3329.78,-1.02,0.0,0,0,0,0,0,0,0,0.0,0.0,0.0,0.0,0,0,0,0,0,0,0,0.0,0.0,0.0,2,200.0
1378,20,100.0,0,2,3,5,4,6,0,16937.81,6488.5,1.79,100.0,0,3,3,5,7,4,0,11479.5,6048.69,0.26,100.0,0,2,3,11,4,4,0,11602.25,6003.97,0.28,0.0,0,0,0,0,0,0,0,0.0,0.0,0.0,3,300.0
1378,12,0.0,0,0,0,0,0,0,0,0.0,0.0,0.0,0.0,0,0,0,0,0,0,0,0.0,0.0,0.0,0.0,0,0,0,0,0,0,0,0.0,0.0,0.0,69.79,0,2,2,1,0,0,0,16915.25,1054.72,-1.01,1,69.79
1378,13,0.0,0,0,0,0,0,0,0,0.0,0.0,0.0,0.0,0,0,0,0,0,0,0,0.0,0.0,0.0,0.0,0,0,0,0,0,0,0,0.0,0.0,0.0,0.0,0,0,0,0,0,0,0,0.0,0.0,0.0,0,0.0
1379,1,100.0,0,2,3,5,1,0,0,10411.88,-1067.03,-1.03,100.0,0,2,2,5,3,1,0,10639.5,-3329.78,-1.02,0.0,0,0,0,0,0,0,0,0.0,0.0,0.0,0.0,0,0,0,0,0,0,0,0.0,0.0,0.0,2,200.0
1379,20,100.0,0,2,3,5,4,6,0,16937.81,6488.5,1.79,100.0,0,3,3,5,7,4,0,11479.5,6048.69,0.26,100.0,0,2,3,11,4,4,0,11602.25,6003.97,0.28,0.0,0,0,0,0,0,0,0,0.0,0.0,0.0,3,300.0
1379,12,0.0,0,0,0,0,0,0,0,0.0,0.0,0.0,0.0,0,0,0,0,0,0,0,0.0,0.0,0.0,0.0,0,0,0,0,0,0,0,0.0,0.0,0.0,69.79,0,2,2,1,0,0,0,16915.25,1054.72,-1.01,1,69.79
1379,13,0.0,0,0,0,0,0,0,0,0.0,0.0,0.0,0.0,0,0,0,0,0,0,0,0.0,0.0,0.0,0.0,0,0,0,0,0,0,0,0.0,0.0,0.0,0.0,0,0,0,0,0,0,0,0.0,0.0,0.0,0,0.0
1380,1,100.0,0,2,3,5,1,0,0,10302.5,-1134.78,-1.0,100.0,0,2,2,5,3,1,0,10639.5,-3329.78,-1.03,0.0,0,0,0,0,0,0,0,0.0,0.0,0.0,0.0,0,0,0,0,0,0,0,0.0,0.0,0.0,2,200.0
1380,20,100.0,0,2,3,5,4,6,0,16937.81,6488.5,1.79,100.0,0,3,3,5,7,4,0,11479.5,6048.69,0.25,100.0,0,2,3,11,4,4,0,11602.25,6003.97,0.28,0.0,0,0,0,0,0,0,0,0.0,0.0,0.0,3,300.0
1380,12,0.0,0,0,0,0,0,0,0,0.0,0.0,0.0,0.0,0,0,0,0,0,0,0,0.0,0.0,0.0,0.0,0,0,0,0,0,0,0,0.0,0.0,0.0,69.79,0,2,2,1,0,0,0,16915.25,1054.72,-1.02,1,69.79
1380,13,0.0,0,0,0,0,0,0,0,0.0,0.0,0.0,0.0,0,0,0,0,0,0,0,0.0,0.0,0.0,0.0,0,0,0,0,0,0,0,0.0,0.0,0.0,0.0,0,0,0,0,0,0,0,0.0,0.0,0.0,0,0.0
1381,1,100.0,0,2,3,5,1,0,0,10302.5,-1134.78,-0.98,100.0,0,2,2,5,3,1,0,10639.5,-3329.78,-1.01,0.0,0,0,0,0,0,0,0,0.0,0.0,0.0,0.0,0,0,0,0,0,0,0,0.0,0.0,0.0,2,200.0
1381,20,100.0,0,2,3,5,4,6,0,16937.81,6488.5,1.83,100.0,0,3,3,5,7,4,0,11403.75,6352.56,0.11,100.0,0,2,3,11,4,4,0,11602.25,6003.97,0.3,0.0,0,0,0,0,0,0,0,0.0,0.0,0.0,3,300.0
1381,12,0.0,0,0,0,0,0,0,0,0.0,0.0,0.0,0.0,0,0,0,0,0,0,0,0.0,0.0,0.0,0.0,0,0,0,0,0,0,0,0.0,0.0,0.0,69.79,0,2,2,1,0,0,0,16915.25,1054.72,-1.0,1,69.79
1381,13,0.0,0,0,0,0,0,0,0,0.0,0.0,0.0,0.0,0,0,0,0,0,0,0,0.0,0.0,0.0,0.0,0,0,0,0,0,0,0,0.0,0.0,0.0,0.0,0,0,0,0,0,0,0,0.0,0.0,0.0,0,0.0
1382,1,100.0,0,2,3,5,1,0,0,10302.5,-1134.78,-0.98,100.0,0,2,2,5,3,1,0,10639.5,-3329.78,-1.01,0.0,0,0,0,0,0,0,0,0.0,0.0,0.0,0.0,0,0,0,0,0,0,0,0.0,0.0,0.0,2,200.0
1382,20,100.0,0,2,3,5,4,6,0,16937.81,6488.5,1.83,100.0,0,3,3,5,7,4,0,11403.75,6352.56,0.11,100.0,0,2,3,11,4,4,0,11616.94,6009.88,0.3,0.0,0,0,0,0,0,0,0,0.0,0.0,0.0,3,300.0
1382,12,0.0,0,0,0,0,0,0,0,0.0,0.0,0.0,0.0,0,0,0,0,0,0,0,0.0,0.0,0.0,0.0,0,0,0,0,0,0,0,0.0,0.0,0.0,69.79,0,2,2,1,0,0,0,16915.25,1054.72,-1.0,1,69.79
1382,13,0.0,0,0,0,0,0,0,0,0.0,0.0,0.0,0.0,0,0,0,0,0,0,0,0.0,0.0,0.0,0.0,0,0,0,0,0,0,0,0.0,0.0,0.0,0.0,0,0,0,0,0,0,0,0.0,0.0,0.0,0,0.0
1383,1,100.0,0,2,3,5,1,0,0,10302.5,-1134.78,-0.98,100.0,0,2,2,5,3,1,0,10639.5,-3329.78,-1.01,0.0,0,0,0,0,0,0,0,0.0,0.0,0.0,0.0,0,0,0,0,0,0,0,0.0,0.0,0.0,2,200.0
1383,20,100.0,0,2,3,5,4,6,0,16937.81,6488.5,1.83,100.0,0,3,3,5,7,4,0,11403.75,6352.56,0.11,100.0,0,2,3,11,4,4,0,11616.94,6009.88,0.3,0.0,0,0,0,0,0,0,0,0.0,0.0,0.0,3,300.0
1383,12,0.0,0,0,0,0,0,0,0,0.0,0.0,0.0,0.0,0,0,0,0,0,0,0,0.0,0.0,0.0,0.0,0,0,0,0,0,0,0,0.0,0.0,0.0,69.79,0,2,2,1,0,0,0,16915.25,1054.72,-1.0,1,69.79
1383,13,0.0,0,0,0,0,0,0,0,0.0,0.0,0.0,0.0,0,0,0,0,0,0,0,0.0,0.0,0.0,0.0,0,0,0,0,0,0,0,0.0,0.0,0.0,0.0,0,0,0,0,0,0,0,0.0,0.0,0.0,0,0.0
1384,1,100.0,0,2,3,5,1,0,0,10302.5,-1134.78,-0.94,100.0,0,2,2,5,3,1,0,10639.5,-3329.78,-0.98,0.0,0,0,0,0,0,0,0,0.0,0.0,0.0,0.0,0,0,0,0,0,0,0,0.0,0.0,0.0,2,200.0
1384,20,0.0,0,0,0,0,0,0,0,0.0,0.0,0.0,100.0,0,3,3,5,7,4,0,11403.75,6352.56,0.58,100.0,0,2,3,11,4,4,0,11616.94,6009.88,0.84,0.0,0,0,0,0,0,0,0,0.0,0.0,0.0,2,200.0
1384,12,0.0,0,0,0,0,0,0,0,0.0,0.0,0.0,0.0,0,0,0,0,0,0,0,0.0,0.0,0.0,0.0,0,0,0,0,0,0,0,0.0,0.0,0.0,69.79,0,2,2,1,0,0,0,16915.25,1054.72,-0.97,1,69.79
1384,13,0.0,0,0,0,0,0,0,0,0.0,0.0,0.0,0.0,0,0,0,0,0,0,0,0.0,0.0,0.0,0.0,0,0,0,0,0,0,0,0.0,0.0,0.0,0.0,0,0,0,0,0,0,0,0.0,0.0,0.0,0,0.0
1385,1,100.0,0,2,3,5,1,0,0,10302.5,-1134.78,-0.95,100.0,0,2,2,5,3,1,0,11035.81,-3321.03,-0.96,0.0,0,0,0,0,0,0,0,0.0,0.0,0.0,0.0,0,0,0,0,0,0,0,0.0,0.0,0.0,2,200.0
1385,20,0.0,0,0,0,0,0,0,0,0.0,0.0,0.0,100.0,0,3,3,5,7,4,0,11403.75,6352.56,0.57,100.0,0,2,3,11,4,4,0,11616.94,6009.88,0.84,0.0,0,0,0,0,0,0,0,0.0,0.0,0.0,2,200.0
1385,12,0.0,0,0,0,0,0,0,0,0.0,0.0,0.0,0.0,0,0,0,0,0,0,0,0.0,0.0,0.0,0.0,0,0,0,0,0,0,0,0.0,0.0,0.0,69.79,0,2,2,1,0,0,0,16915.25,1054.72,-0.98,1,69.79
1385,13,0.0,0,0,0,0,0,0,0,0.0,0.0,0.0,0.0,0,0,0,0,0,0,0,0.0,0.0,0.0,0.0,0,0,0,0,0,0,0,0.0,0.0,0.0,0.0,0,0,0,0,0,0,0,0.0,0.0,0.0,0,0.0
1386,1,100.0,0,2,3,5,1,0,0,10302.5,-1134.78,-1.05,100.0,0,2,2,5,3,1,0,11035.81,-3321.03,-1.06,0.0,0,0,0,0,0,0,0,0.0,0.0,0.0,0.0,0,0,0,0,0,0,0,0.0,0.0,0.0,2,200.0
1386,20,0.0,0,0,0,0,0,0,0,0.0,0.0,0.0,100.0,0,3,3,5,7,4,0,11403.75,6352.56,0.55,100.0,0,2,3,11,4,4,0,11616.94,6009.88,0.82,0.0,0,0,0,0,0,0,0,0.0,0.0,0.0,2,200.0
1386,12,0.0,0,0,0,0,0,0,0,0.0,0.0,0.0,0.0,0,0,0,0,0,0,0,0.0,0.0,0.0,0.0,0,0,0,0,0,0,0,0.0,0.0,0.0,41.58,0,2,2,1,0,0,0,16225.25,1778.62,-0.75,1,41.58
1386,13,0.0,0,0,0,0,0,0,0,0.0,0.0,0.0,0.0,0,0,0,0,0,0,0,0.0,0.0,0.0,0.0,0,0,0,0,0,0,0,0.0,0.0,0.0,0.0,0,0,0,0,0,0,0,0.0,0.0,0.0,0,0.0
1387,1,100.0,0,2,3,5,1,0,0,10302.5,-1134.78,-1.05,100.0,0,2,2,5,3,1,0,11035.81,-3321.03,-1.06,0.0,0,0,0,0,0,0,0,0.0,0.0,0.0,0.0,0,0,0,0,0,0,0,0.0,0.0,0.0,2,200.0
1387,20,0.0,0,0,0,0,0,0,0,0.0,0.0,0.0,100.0,0,3,3,5,7,4,0,11403.75,6352.56,0.55,100.0,0,2,3,11,4,4,0,11616.94,6009.88,0.82,0.0,0,0,0,0,0,0,0,0.0,0.0,0.0,2,200.0
1387,12,0.0,0,0,0,0,0,0,0,0.0,0.0,0.0,0.0,0,0,0,0,0,0,0,0.0,0.0,0.0,0.0,0,0,0,0,0,0,0,0.0,0.0,0.0,41.58,0,2,2,1,0,0,0,16225.25,1778.62,-0.75,1,41.58
1387,13,0.0,0,0,0,0,0,0,0,0.0,0.0,0.0,0.0,0,0,0,0,0,0,0,0.0,0.0,0.0,0.0,0,0,0,0,0,0,0,0.0,0.0,0.0,0.0,0,0,0,0,0,0,0,0.0,0.0,0.0,0,0.0
1388,1,100.0,0,2,3,5,1,0,0,10488.88,-1017.78,-1.08,100.0,0,2,2,5,3,1,0,11035.81,-3321.03,-1.04,0.0,0,0,0,0,0,0,0,0.0,0.0,0.0,0.0,0,0,0,0,0,0,0,0.0,0.0,0.0,2,200.0
1388,20,0.0,0,0,0,0,0,0,0,0.0,0.0,0.0,100.0,0,3,3,5,7,4,0,11403.75,6352.56,0.55,100.0,0,2,3,11,4,4,0,11616.94,6009.88,0.83,0.0,0,0,0,0,0,0,0,0.0,0.0,0.0,2,200.0
1388,12,0.0,0,0,0,0,0,0,0,0.0,0.0,0.0,0.0,0,0,0,0,0,0,0,0.0,0.0,0.0,0.0,0,0,0,0,0,0,0,0.0,0.0,0.0,41.58,0,2,2,1,0,0,0,16225.25,1778.62,-0.74,1,41.58
1388,13,0.0,0,0,0,0,0,0,0,0.0,0.0,0.0,0.0,0,0,0,0,0,0,0,0.0,0.0,0.0,0.0,0,0,0,0,0,0,0,0.0,0.0,0.0,0.0,0,0,0,0,0,0,0,0.0,0.0,0.0,0,0.0
1389,1,100.0,0,2,3,5,1,0,0,10488.88,-1017.78,-1.1,100.0,0,2,2,5,3,1,0,11035.81,-3321.03,-1.06,0.0,0,0,0,0,0,0,0,0.0,0.0,0.0,0.0,0,0,0,0,0,0,0,0.0,0.0,0.0,2,200.0
1389,20,0.0,0,0,0,0,0,0,0,0.0,0.0,0.0,100.0,0,3,3,5,7,4,0,11563.06,6037.06,0.75,100.0,0,2,3,11,4,4,0,11616.94,6009.88,0.76,0.0,0,0,0,0,0,0,0,0.0,0.0,0.0,2,200.0
1389,12,0.0,0,0,0,0,0,0,0,0.0,0.0,0.0,0.0,0,0,0,0,0,0,0,0.0,0.0,0.0,0.0,0,0,0,0,0,0,0,0.0,0.0,0.0,41.58,0,2,2,1,0,0,0,16225.25,1778.62,-0.76,1,41.58
1389,13,0.0,0,0,0,0,0,0,0,0.0,0.0,0.0,0.0,0,0,0,0,0,0,0,0.0,0.0,0.0,0.0,0,0,0,0,0,0,0,0.0,0.0,0.0,0.0,0,0,0,0,0,0,0,0.0,0.0,0.0,0,0.0
1390,1,100.0,0,2,3,5,1,0,0,10488.88,-1017.78,-1.09,100.0,0,2,2,5,3,1,0,11035.81,-3321.03,-1.06,0.0,0,0,0,0,0,0,0,0.0,0.0,0.0,0.0,0,0,0,0,0,0,0,0.0,0.0,0.0,2,200.0
1390,20,0.0,0,0,0,0,0,0,0,0.0,0.0,0.0,100.0,0,3,3,5,7,4,0,11563.06,6037.06,0.61,100.0,0,2,3,11,4,4,0,14319.75,7415.31,1.12,0.0,0,0,0,0,0,0,0,0.0,0.0,0.0,2,200.0
1390,12,0.0,0,0,0,0,0,0,0,0.0,0.0,0.0,0.0,0,0,0,0,0,0,0,0.0,0.0,0.0,0.0,0,0,0,0,0,0,0,0.0,0.0,0.0,41.58,0,2,2,1,0,0,0,16225.25,1778.62,-0.78,1,41.58
1390,13,0.0,0,0,0,0,0,0,0,0.0,0.0,0.0,0.0,0,0,0,0,0,0,0,0.0,0.0,0.0,0.0,0,0,0,0,0,0,0,0.0,0.0,0.0,0.0,0,0,0,0,0,0,0,0.0,0.0,0.0,0,0.0
1391,1,100.0,0,2,3,5,1,0,0,10488.88,-1017.78,-1.09,100.0,0,2,2,5,3,1,0,11035.81,-3321.03,-1.06,0.0,0,0,0,0,0,0,0,0.0,0.0,0.0,0.0,0,0,0,0,0,0,0,0.0,0.0,0.0,2,200.0
1391,20,0.0,0,0,0,0,0,0,0,0.0,0.0,0.0,100.0,0,3,3,5,7,4,0,11563.06,6037.06,0.61,100.0,0,2,3,11,4,4,0,14319.75,7415.31,1.12,0.0,0,0,0,0,0,0,0,0.0,0.0,0.0,2,200.0
1391,12,0.0,0,0,0,0,0,0,0,0.0,0.0,0.0,0.0,0,0,0,0,0,0,0,0.0,0.0,0.0,0.0,0,0,0,0,0,0,0,0.0,0.0,0.0,41.58,0,2,2,1,0,0,0,16225.25,1778.62,-0.78,1,41.58
1391,13,0.0,0,0,0,0,0,0,0,0.0,0.0,0.0,0.0,0,0,0,0,0,0,0,0.0,0.0,0.0,0.0,0,0,0,0,0,0,0,0.0,0.0,0.0,0.0,0,0,0,0,0,0,0,0.0,0.0,0.0,0,0.0
1392,1,100.0,0,2,3,5,1,0,0,10488.88,-1017.78,-1.09,100.0,0,2,2,5,3,1,0,11035.81,-3321.03,-1.06,0.0,0,0,0,0,0,0,0,0.0,0.0,0.0,0.0,0,0,0,0,0,0,0,0.0,0.0,0.0,2,200.0
1392,20,0.0,0,0,0,0,0,0,0,0.0,0.0,0.0,100.0,0,3,3,5,7,4,0,11563.06,6037.06,0.61,100.0,0,2,3,11,4,4,0,14319.75,7415.31,1.12,0.0,0,0,0,0,0,0,0,0.0,0.0,0.0,2,200.0
1392,12,0.0,0,0,0,0,0,0,0,0.0,0.0,0.0,0.0,0,0,0,0,0,0,0,0.0,0.0,0.0,0.0,0,0,0,0,0,0,0,0.0,0.0,0.0,41.58,0,2,2,1,0,0,0,16225.25,1778.62,-0.78,1,41.58
1392,13,0.0,0,0,0,0,0,0,0,0.0,0.0,0.0,0.0,0,0,0,0,0,0,0,0.0,0.0,0.0,0.0,0,0,0,0,0,0,0,0.0,0.0,0.0,0.0,0,0,0,0,0,0,0,0.0,0.0,0.0,0,0.0
1393,1,100.0,0,2,3,5,1,0,0,10444.31,-1032.75,-1.07,100.0,0,2,2,5,3,1,0,10621.12,-3344.69,-1.1,0.0,0,0,0,0,0,0,0,0.0,0.0,0.0,0.0,0,0,0,0,0,0,0,0.0,0.0,0.0,2,200.0
1393,20,0.0,0,0,0,0,0,0,0,0.0,0.0,0.0,100.0,0,3,3,5,7,4,0,11518.5,6022.09,0.61,100.0,0,2,3,11,4,4,0,14275.19,7400.34,1.12,0.0,0,0,0,0,0,0,0,0.0,0.0,0.0,2,200.0
1393,12,0.0,0,0,0,0,0,0,0,0.0,0.0,0.0,0.0,0,0,0,0,0,0,0,0.0,0.0,0.0,0.0,0,0,0,0,0,0,0,0.0,0.0,0.0,41.58,0,2,2,1,0,0,0,16180.69,1763.66,-0.76,1,41.58
1393,13,0.0,0,0,0,0,0,0,0,0.0,0.0,0.0,0.0,0,0,0,0,0,0,0,0.0,0.0,0.0,0.0,0,0,0,0,0,0,0,0.0,0.0,0.0,0.0,0,0,0,0,0,0,0,0.0,0.0,0.0,0,0.0
1394,1,100.0,0,2,3,5,1,0,0,10444.31,-1032.75,-1.08,100.0,0,2,2,5,3,1,0,10621.12,-3344.69,-1.12,0.0,0,0,0,0,0,0,0,0.0,0.0,0.0,0.0,0,0,0,0,0,0,0,0.0,0.0,0.0,2,200.0
1394,20,0.0,0,0,0,0,0,0,0,0.0,0.0,0.0,100.0,0,3,3,5,7,4,0,11518.5,6022.09,0.6,100.0,0,2,3,11,4,4,0,14275.19,7400.34,1.12,0.0,0,0,0,0,0,0,0,0.0,0.0,0.0,2,200.0
1394,12,0.0,0,0,0,0,0,0,0,0.0,0.0,0.0,0.0,0,0,0,0,0,0,0,0.0,0.0,0.0,0.0,0,0,0,0,0,0,0,0.0,0.0,0.0,100.0,0,2,2,1,0,0,0,16169.06,1778.16,-0.72,1,100.0
1394,13,0.0,0,0,0,0,0,0,0,0.0,0.0,0.0,0.0,0,0,0,0,0,0,0,0.0,0.0,0.0,0.0,0,0,0,0,0,0,0,0.0,0.0,0.0,0.0,0,0,0,0,0,0,0,0.0,0.0,0.0,0,0.0
1395,1,100.0,0,2,3,5,1,0,0,10009.94,-1061.06,-1.08,100.0,0,2,2,5,3,1,0,10621.12,-3344.69,-1.12,0.0,0,0,0,0,0,0,0,0.0,0.0,0.0,0.0,0,0,0,0,0,0,0,0.0,0.0,0.0,2,200.0
1395,20,0.0,0,0,0,0,0,0,0,0.0,0.0,0.0,100.0,0,3,3,5,7,4,0,11518.5,6022.09,0.6,100.0,0,2,3,11,4,4,0,14275.19,7400.34,1.12,0.0,0,0,0,0,0,0,0,0.0,0.0,0.0,2,200.0
1395,12,0.0,0,0,0,0,0,0,0,0.0,0.0,0.0,0.0,0,0,0,0,0,0,0,0.0,0.0,0.0,0.0,0,0,0,0,0,0,0,0.0,0.0,0.0,100.0,0,2,2,1,0,0,0,16169.06,1778.16,-0.72,1,100.0
1395,13,0.0,0,0,0,0,0,0,0,0.0,0.0,0.0,0.0,0,0,0,0,0,0,0,0.0,0.0,0.0,0.0,0,0,0,0,0,0,0,0.0,0.0,0.0,0.0,0,0,0,0,0,0,0,0.0,0.0,0.0,0,0.0
1396,1,100.0,0,2,3,5,1,0,0,10009.94,-1061.06,-1.09,100.0,0,2,2,5,3,1,0,10621.12,-3344.69,-1.12,0.0,0,0,0,0,0,0,0,0.0,0.0,0.0,0.0,0,0,0,0,0,0,0,0.0,0.0,0.0,2,200.0
1396,20,0.0,0,0,0,0,0,0,0,0.0,0.0,0.0,100.0,0,3,3,5,7,4,0,11509.69,5984.75,0.62,100.0,0,2,3,11,4,4,0,14275.19,7400.34,1.11,0.0,0,0,0,0,0,0,0,0.0,0.0,0.0,2,200.0
1396,12,0.0,0,0,0,0,0,0,0,0.0,0.0,0.0,0.0,0,0,0,0,0,0,0,0.0,0.0,0.0,0.0,0,0,0,0,0,0,0,0.0,0.0,0.0,100.0,0,2,2,1,0,0,0,16169.06,1778.16,-0.72,1,100.0
1396,13,0.0,0,0,0,0,0,0,0,0.0,0.0,0.0,0.0,0,0,0,0,0,0,0,0.0,0.0,0.0,0.0,0,0,0,0,0,0,0,0.0,0.0,0.0,0.0,0,0,0,0,0,0,0,0.0,0.0,0.0,0,0.0
1397,1,100.0,0,2,3,5,1,0,0,10009.94,-1061.06,-1.08,100.0,0,2,2,5,3,1,0,10621.12,-3344.69,-1.11,0.0,0,0,0,0,0,0,0,0.0,0.0,0.0,0.0,0,0,0,0,0,0,0,0.0,0.0,0.0,2,200.0
1397,20,0.0,0,0,0,0,0,0,0,0.0,0.0,0.0,100.0,0,3,3,5,7,4,0,11509.69,5984.75,0.58,100.0,0,2,3,11,4,4,0,15047.38,7287.88,1.19,0.0,0,0,0,0,0,0,0,0.0,0.0,0.0,2,200.0
1397,12,0.0,0,0,0,0,0,0,0,0.0,0.0,0.0,0.0,0,0,0,0,0,0,0,0.0,0.0,0.0,0.0,0,0,0,0,0,0,0,0.0,0.0,0.0,100.0,0,2,2,1,0,0,0,16169.06,1778.16,-0.73,1,100.0
1397,13,0.0,0,0,0,0,0,0,0,0.0,0.0,0.0,0.0,0,0,0,0,0,0,0,0.0,0.0,0.0,0.0,0,0,0,0,0,0,0,0.0,0.0,0.0,0.0,0,0,0,0,0,0,0,0.0,0.0,0.0,0,0.0
1398,1,100.0,0,2,3,5,1,0,0,10009.94,-1061.06,-1.08,100.0,0,2,2,5,3,1,0,10621.12,-3344.69,-1.11,0.0,0,0,0,0,0,0,0,0.0,0.0,0.0,0.0,0,0,0,0,0,0,0,0.0,0.0,0.0,2,200.0
1398,20,0.0,0,0,0,0,0,0,0,0.0,0.0,0.0,100.0,0,3,3,5,7,4,0,11509.69,5984.75,0.58,100.0,0,2,3,11,4,4,0,15047.38,7287.88,1.19,0.0,0,0,0,0,0,0,0,0.0,0.0,0.0,2,200.0
1398,12,0.0,0,0,0,0,0,0,0,0.0,0.0,0.0,0.0,0,0,0,0,0,0,0,0.0,0.0,0.0,0.0,0,0,0,0,0,0,0,0.0,0.0,0.0,100.0,0,2,2,1,0,0,0,16169.06,1778.16,-0.73,1,100.0
1398,13,0.0,0,0,0,0,0,0,0,0.0,0.0,0.0,0.0,0,0,0,0,0,0,0,0.0,0.0,0.0,0.0,0,0,0,0,0,0,0,0.0,0.0,0.0,0.0,0,0,0,0,0,0,0,0.0,0.0,0.0,0,0.0
1399,1,100.0,0,2,3,5,1,0,0,10009.94,-1061.06,-1.23,100.0,0,2,2,5,3,1,0,10621.12,-3344.69,-1.26,0.0,0,0,0,0,0,0,0,0.0,0.0,0.0,0.0,0,0,0,0,0,0,0,0.0,0.0,0.0,2,200.0
1399,20,10.0,0,2,3,5,4,6,0,14837.0,7145.91,1.07,100.0,0,3,3,5,7,4,0,11509.69,5984.75,0.39,100.0,0,2,3,11,4,4,0,15047.38,7287.88,0.98,0.0,0,0,0,0,0,0,0,0.0,0.0,0.0,3,210.0
1399,12,0.0,0,0,0,0,0,0,0,0.0,0.0,0.0,0.0,0,0,0,0,0,0,0,0.0,0.0,0.0,0.0,0,0,0,0,0,0,0,0.0,0.0,0.0,100.0,0,2,2,1,0,0,0,16169.06,1778.16,-0.89,1,100.0
1399,13,0.0,0,0,0,0,0,0,0,0.0,0.0,0.0,0.0,0,0,0,0,0,0,0,0.0,0.0,0.0,0.0,0,0,0,0,0,0,0,0.0,0.0,0.0,0.0,0,0,0,0,0,0,0,0.0,0.0,0.0,0,0.0
1400,1,100.0,0,2,3,5,1,0,0,8497.81,-1568.81,-1.26,100.0,0,2,2,5,3,1,0,9296.62,-3713.38,-1.2,0.0,0,0,0,0,0,0,0,0.0,0.0,0.0,0.0,0,0,0,0,0,0,0,0.0,0.0,0.0,2,200.0
1400,20,10.0,0,2,3,5,4,6,0,13324.88,6638.16,1.08,100.0,0,3,3,5,7,4,0,9997.56,5477.0,0.38,100.0,0,2,3,11,4,4,0,13535.25,6780.12,0.98,0.0,0,0,0,0,0,0,0,0.0,0.0,0.0,3,210.0
1400,12,0.0,0,0,0,0,0,0,0,0.0,0.0,0.0,0.0,0,0,0,0,0,0,0,0.0,0.0,0.0,0.0,0,0,0,0,0,0,0,0.0,0.0,0.0,100.0,0,2,2,1,0,0,0,14656.94,1270.41,-0.91,1,100.0
1400,13,0.0,0,0,0,0,0,0,0,0.0,0.0,0.0,0.0,0,0,0,0,0,0,0,0.0,0.0,0.0,0.0,0,0,0,0,0,0,0,0.0,0.0,0.0,0.0,0,0,0,0,0,0,0,0.0,0.0,0.0,0,0.0
1401,1,100.0,0,2,3,5,1,0,0,8497.81,-1568.81,-1.25,100.0,0,2,2,5,3,1,0,9296.62,-3713.38,-1.19,0.0,0,0,0,0,0,0,0,0.0,0.0,0.0,0.0,0,0,0,0,0,0,0,0.0,0.0,0.0,2,200.0
1401,20,10.0,0,2,3,5,4,6,0,13324.88,6638.16,1.08,100.0,0,3,3,5,7,4,0,9997.56,5477.0,0.38,100.0,0,2,3,11,4,4,0,13535.25,6780.12,0.98,0.0,0,0,0,0,0,0,0,0.0,0.0,0.0,3,210.0
1401,12,0.0,0,0,0,0,0,0,0,0.0,0.0,0.0,0.0,0,0,0,0,0,0,0,0.0,0.0,0.0,0.0,0,0,0,0,0,0,0,0.0,0.0,0.0,100.0,0,2,2,1,0,0,0,14645.0,1309.0,-0.93,1,100.0
1401,13,0.0,0,0,0,0,0,0,0,0.0,0.0,0.0,0.0,0,0,0,0,0,0,0,0.0,0.0,0.0,0.0,0,0,0,0,0,0,0,0.0,0.0,0.0,0.0,0,0,0,0,0,0,0,0.0,0.0,0.0,0,0.0
1402,1,100.0,0,2,3,5,1,0,0,8886.44,-1582.53,-1.25,100.0,0,2,2,5,3,1,0,9296.62,-3713.38,-1.19,0.0,0,0,0,0,0,0,0,0.0,0.0,0.0,0.0,0,0,0,0,0,0,0,0.0,0.0,0.0,2,200.0
1402,20,10.0,0,2,3,5,4,6,0,13324.88,6638.16,1.08,100.0,0,3,3,5,7,4,0,9997.56,5477.0,0.38,100.0,0,2,3,11,4,4,0,13535.25,6780.12,0.98,0.0,0,0,0,0,0,0,0,0.0,0.0,0.0,3,210.0
1402,12,0.0,0,0,0,0,0,0,0,0.0,0.0,0.0,0.0,0,0,0,0,0,0,0,0.0,0.0,0.0,0.0,0,0,0,0,0,0,0,0.0,0.0,0.0,100.0,0,2,2,1,0,0,0,14645.0,1309.0,-0.93,1,100.0
1402,13,0.0,0,0,0,0,0,0,0,0.0,0.0,0.0,0.0,0,0,0,0,0,0,0,0.0,0.0,0.0,0.0,0,0,0,0,0,0,0,0.0,0.0,0.0,0.0,0,0,0,0,0,0,0,0.0,0.0,0.0,0,0.0
1403,1,100.0,0,2,3,5,1,0,0,8886.44,-1582.53,-1.21,100.0,0,2,2,5,3,1,0,9296.62,-3713.38,-1.15,0.0,0,0,0,0,0,0,0,0.0,0.0,0.0,0.0,0,0,0,0,0,0,0,0.0,0.0,0.0,2,200.0
1403,20,10.0,0,2,3,5,4,6,0,13324.88,6638.16,1.15,100.0,0,3,3,5,7,4,0,7914.12,8339.75,0.04,100.0,0,2,3,11,4,4,0,13535.25,6780.12,1.05,0.0,0,0,0,0,0,0,0,0.0,0.0,0.0,3,210.0
1403,12,0.0,0,0,0,0,0,0,0,0.0,0.0,0.0,0.0,0,0,0,0,0,0,0,0.0,0.0,0.0,0.0,0,0,0,0,0,0,0,0.0,0.0,0.0,100.0,0,2,2,1,0,0,0,14645.0,1309.0,-0.89,1,100.0
1403,13,0.0,0,0,0,0,0,0,0,0.0,0.0,0.0,0.0,0,0,0,0,0,0,0,0.0,0.0,0.0,0.0,0,0,0,0,0,0,0,0.0,0.0,0.0,0.0,0,0,0,0,0,0,0,0.0,0.0,0.0,0,0.0
1404,1,100.0,0,2,3,5,1,0,0,8886.44,-1582.53,-1.21,100.0,0,2,2,5,3,1,0,9296.62,-3713.38,-1.14,0.0,0,0,0,0,0,0,0,0.0,0.0,0.0,0.0,0,0,0,0,0,0,0,0.0,0.0,0.0,2,200.0
1404,20,10.0,0,2,3,5,4,6,0,13324.88,6638.16,1.34,100.0,0,3,3,5,7,4,0,7914.12,8339.75,0.14,100.0,0,2,3,11,4,4,1,10596.44,6541.75,0.54,0.0,0,0,0,0,0,0,0,0.0,0.0,0.0,3,210.0
1404,12,0.0,0,0,0,0,0,0,0,0.0,0.0,0.0,0.0,0,0,0,0,0,0,0,0.0,0.0,0.0,0.0,0,0,0,0,0,0,0,0.0,0.0,0.0,100.0,0,2,2,1,0,0,0,14645.0,1309.0,-0.86,1,100.0
1404,13,0.0,0,0,0,0,0,0,0,0.0,0.0,0.0,0.0,0,0,0,0,0,0,0,0.0,0.0,0.0,0.0,0,0,0,0,0,0,0,0.0,0.0,0.0,0.0,0,0,0,0,0,0,0,0.0,0.0,0.0,0,0.0
1405,1,100.0,0,2,3,5,1,0,0,8886.44,-1582.53,-1.21,100.0,0,2,2,5,3,1,0,9296.62,-3713.38,-1.14,0.0,0,0,0,0,0,0,0,0.0,0.0,0.0,0.0,0,0,0,0,0,0,0,0.0,0.0,0.0,2,200.0
1405,20,10.0,0,2,3,5,4,6,0,13324.88,6638.16,1.34,100.0,0,3,3,5,7,4,0,7914.12,8339.75,0.14,100.0,0,2,3,11,4,4,1,10596.44,6541.75,0.54,0.0,0,0,0,0,0,0,0,0.0,0.0,0.0,3,210.0
1405,12,0.0,0,0,0,0,0,0,0,0.0,0.0,0.0,0.0,0,0,0,0,0,0,0,0.0,0.0,0.0,0.0,0,0,0,0,0,0,0,0.0,0.0,0.0,100.0,0,2,2,1,0,0,0,14645.0,1309.0,-0.86,1,100.0
1405,13,0.0,0,0,0,0,0,0,0,0.0,0.0,0.0,0.0,0,0,0,0,0,0,0,0.0,0.0,0.0,0.0,0,0,0,0,0,0,0,0.0,0.0,0.0,0.0,0,0,0,0,0,0,0,0.0,0.0,0.0,0,0.0
1406,1,100.0,0,2,3,5,1,0,0,8886.44,-1582.53,-1.24,100.0,0,2,2,5,3,1,0,9296.62,-3713.38,-1.17,0.0,0,0,0,0,0,0,0,0.0,0.0,0.0,0.0,0,0,0,0,0,0,0,0.0,0.0,0.0,2,200.0
1406,20,10.0,0,2,3,5,4,6,0,10233.75,5599.59,0.62,100.0,0,3,3,5,7,4,0,7914.12,8339.75,0.32,100.0,0,2,3,11,4,4,1,10596.44,6541.75,0.78,0.0,0,0,0,0,0,0,0,0.0,0.0,0.0,3,210.0
1406,12,0.0,0,0,0,0,0,0,0,0.0,0.0,0.0,0.0,0,0,0,0,0,0,0,0.0,0.0,0.0,0.0,0,0,0,0,0,0,0,0.0,0.0,0.0,100.0,0,2,2,1,0,0,0,14645.0,1309.0,-0.84,1,100.0
1406,13,0.0,0,0,0,0,0,0,0,0.0,0.0,0.0,0.0,0,0,0,0,0,0,0,0.0,0.0,0.0,0.0,0,0,0,0,0,0,0,0.0,0.0,0.0,0.0,0,0,0,0,0,0,0,0.0,0.0,0.0,0,0.0
1407,1,100.0,0,2,3,5,1,0,0,7369.44,-2091.91,-1.22,100.0,0,2,2,5,3,1,0,7564.06,-4361.47,-1.21,0.0,0,0,0,0,0,0,0,0.0,0.0,0.0,0.0,0,0,0,0,0,0,0,0.0,0.0,0.0,2,200.0
1407,20,10.0,0,2,3,5,4,6,0,8716.75,5090.22,0.62,100.0,0,3,3,5,7,4,0,6397.12,7830.38,0.32,100.0,0,2,3,11,4,4,1,9079.44,6032.38,0.78,0.0,0,0,0,0,0,0,0,0.0,0.0,0.0,3,210.0
1407,12,0.0,0,0,0,0,0,0,0,0.0,0.0,0.0,0.0,0,0,0,0,0,0,0,0.0,0.0,0.0,0.0,0,0,0,0,0,0,0,0.0,0.0,0.0,100.0,0,2,2,1,0,0,0,13128.0,799.62,-0.82,1,100.0
1407,13,0.0,0,0,0,0,0,0,0,0.0,0.0,0.0,0.0,0,0,0,0,0,0,0,0.0,0.0,0.0,0.0,0,0,0,0,0,0,0,0.0,0.0,0.0,0.0,0,0,0,0,0,0,0,0.0,0.0,0.0,0,0.0
1408,1,100.0,0,2,3,5,1,0,0,7369.44,-2091.91,-1.3,100.0,0,2,2,5,3,1,0,7564.06,-4361.47,-1.28,0.0,0,0,0,0,0,0,0,0.0,0.0,0.0,0.0,0,0,0,0,0,0,0,0.0,0.0,0.0,2,200.0
1408,20,10.0,0,2,3,5,4,6,0,8716.75,5090.22,0.59,100.0,0,3,3,5,7,4,0,6397.12,7830.38,0.29,100.0,0,2,3,11,4,4,1,9079.44,6032.38,0.76,0.0,0,0,0,0,0,0,0,0.0,0.0,0.0,3,210.0
1408,12,0.0,0,0,0,0,0,0,0,0.0,0.0,0.0,0.0,0,0,0,0,0,0,0,0.0,0.0,0.0,0.0,0,0,0,0,0,0,0,0.0,0.0,0.0,100.0,0,2,2,1,0,0,0,10483.94,748.41,-0.59,1,100.0
1408,13,0.0,0,0,0,0,0,0,0,0.0,0.0,0.0,0.0,0,0,0,0,0,0,0,0.0,0.0,0.0,0.0,0,0,0,0,0,0,0,0.0,0.0,0.0,0.0,0,0,0,0,0,0,0,0.0,0.0,0.0,0,0.0
1409,1,100.0,0,2,3,5,1,0,0,7365.25,-2059.69,-1.3,100.0,0,2,2,5,3,1,0,7564.06,-4361.47,-1.28,0.0,0,0,0,0,0,0,0,0.0,0.0,0.0,0.0,0,0,0,0,0,0,0,0.0,0.0,0.0,2,200.0
1409,20,10.0,0,2,3,5,4,6,0,8716.75,5090.22,0.59,100.0,0,3,3,5,7,4,0,6397.12,7830.38,0.29,100.0,0,2,3,11,4,4,1,9079.44,6032.38,0.76,0.0,0,0,0,0,0,0,0,0.0,0.0,0.0,3,210.0
1409,12,0.0,0,0,0,0,0,0,0,0.0,0.0,0.0,0.0,0,0,0,0,0,0,0,0.0,0.0,0.0,0.0,0,0,0,0,0,0,0,0.0,0.0,0.0,100.0,0,2,2,1,0,0,0,10483.94,748.41,-0.59,1,100.0
1409,13,0.0,0,0,0,0,0,0,0,0.0,0.0,0.0,0.0,0,0,0,0,0,0,0,0.0,0.0,0.0,0.0,0,0,0,0,0,0,0,0.0,0.0,0.0,0.0,0,0,0,0,0,0,0,0.0,0.0,0.0,0,0.0
1410,1,100.0,0,2,3,5,1,0,0,7365.25,-2059.69,-1.2,100.0,0,2,2,5,3,1,0,7564.06,-4361.47,-1.19,0.0,0,0,0,0,0,0,0,0.0,0.0,0.0,0.0,0,0,0,0,0,0,0,0.0,0.0,0.0,2,200.0
1410,20,10.0,0,2,3,5,4,6,0,8716.75,5090.22,0.69,100.0,0,3,3,5,7,4,0,3546.19,8347.09,-0.27,100.0,0,2,3,11,4,4,1,9079.44,6032.38,0.86,0.0,0,0,0,0,0,0,0,0.0,0.0,0.0,3,210.0
1410,12,0.0,0,0,0,0,0,0,0,0.0,0.0,0.0,0.0,0,0,0,0,0,0,0,0.0,0.0,0.0,0.0,0,0,0,0,0,0,0,0.0,0.0,0.0,100.0,0,2,2,1,0,0,0,10483.94,748.41,-0.5,1,100.0
1410,13,0.0,0,0,0,0,0,0,0,0.0,0.0,0.0,0.0,0,0,0,0,0,0,0,0.0,0.0,0.0,0.0,0,0,0,0,0,0,0,0.0,0.0,0.0,0.0,0,0,0,0,0,0,0,0.0,0.0,0.0,0,0.0
1411,1,100.0,0,2,3,5,1,0,0,7365.25,-2059.69,-1.2,100.0,0,2,2,5,3,1,0,7564.06,-4361.47,-1.19,0.0,0,0,0,0,0,0,0,0.0,0.0,0.0,0.0,0,0,0,0,0,0,0,0.0,0.0,0.0,2,200.0
1411,20,10.0,0,2,3,5,4,6,0,8716.75,5090.22,0.68,100.0,0,3,3,5,7,4,0,3546.19,8347.09,-0.27,100.0,0,2,3,11,4,4,0,8531.56,4966.91,0.89,0.0,0,0,0,0,0,0,0,0.0,0.0,0.0,3,210.0
1411,12,0.0,0,0,0,0,0,0,0,0.0,0.0,0.0,0.0,0,0,0,0,0,0,0,0.0,0.0,0.0,0.0,0,0,0,0,0,0,0,0.0,0.0,0.0,100.0,0,2,2,1,0,0,0,10483.94,748.41,-0.5,1,100.0
1411,13,0.0,0,0,0,0,0,0,0,0.0,0.0,0.0,0.0,0,0,0,0,0,0,0,0.0,0.0,0.0,0.0,0,0,0,0,0,0,0,0.0,0.0,0.0,0.0,0,0,0,0,0,0,0,0.0,0.0,0.0,0,0.0
1412,1,100.0,0,2,3,5,1,0,0,7365.25,-2059.69,-1.22,100.0,0,2,2,5,3,1,0,7564.06,-4361.47,-1.21,0.0,0,0,0,0,0,0,0,0.0,0.0,0.0,0.0,0,0,0,0,0,0,0,0.0,0.0,0.0,2,200.0
1412,20,10.0,0,2,3,5,4,6,0,8716.75,5090.22,0.56,100.0,0,3,3,5,7,4,0,3546.19,8347.09,-0.33,100.0,0,2,3,11,4,5,0,8531.56,4966.91,0.76,0.0,0,0,0,0,0,0,0,0.0,0.0,0.0,3,210.0
1412,12,0.0,0,0,0,0,0,0,0,0.0,0.0,0.0,0.0,0,0,0,0,0,0,0,0.0,0.0,0.0,0.0,0,0,0,0,0,0,0,0.0,0.0,0.0,0.0,0,0,0,0,0,0,0,0.0,0.0,0.0,0,0.0
1412,13,0.0,0,0,0,0,0,0,0,0.0,0.0,0.0,0.0,0,0,0,0,0,0,0,0.0,0.0,0.0,0.0,0,0,0,0,0,0,0,0.0,0.0,0.0,0.0,0,0,0,0,0,0,0,0.0,0.0,0.0,0,0.0
1413,1,100.0,0,2,3,5,1,0,0,7365.25,-2059.69,-1.22,100.0,0,2,2,5,3,1,0,7564.06,-4361.47,-1.21,0.0,0,0,0,0,0,0,0,0.0,0.0,0.0,0.0,0,0,0,0,0,0,0,0.0,0.0,0.0,2,200.0
1413,20,78.0,0,2,3,5,4,6,0,8798.56,5073.31,0.58,100.0,0,3,3,5,7,4,0,3546.19,8347.09,-0.34,100.0,0,2,3,11,4,5,0,8531.56,4966.91,0.76,0.0,0,0,0,0,0,0,0,0.0,0.0,0.0,3,278.0
1413,12,0.0,0,0,0,0,0,0,0,0.0,0.0,0.0,0.0,0,0,0,0,0,0,0,0.0,0.0,0.0,0.0,0,0,0,0,0,0,0,0.0,0.0,0.0,0.0,0,0,0,0,0,0,0,0.0,0.0,0.0,0,0.0
1413,13,0.0,0,0,0,0,0,0,0,0.0,0.0,0.0,0.0,0,0,0,0,0,0,0,0.0,0.0,0.0,0.0,0,0,0,0,0,0,0,0.0,0.0,0.0,0.0,0,0,0,0,0,0,0,0.0,0.0,0.0,0,0.0
1414,1,100.0,0,2,3,5,1,0,0,5903.62,-2550.47,-1.24,100.0,0,2,2,5,3,1,0,6226.06,-5072.78,-1.18,0.0,0,0,0,0,0,0,0,0.0,0.0,0.0,0.0,0,0,0,0,0,0,0,0.0,0.0,0.0,2,200.0
1414,20,78.0,0,2,3,5,4,6,0,7336.94,4582.53,0.58,100.0,0,3,3,5,7,4,0,2084.56,7856.31,-0.35,100.0,0,2,3,11,4,5,0,7069.94,4476.12,0.76,0.0,0,0,0,0,0,0,0,0.0,0.0,0.0,3,278.0
1414,12,0.0,0,0,0,0,0,0,0,0.0,0.0,0.0,0.0,0,0,0,0,0,0,0,0.0,0.0,0.0,0.0,0,0,0,0,0,0,0,0.0,0.0,0.0,0.0,0,0,0,0,0,0,0,0.0,0.0,0.0,0,0.0
1414,13,0.0,0,0,0,0,0,0,0,0.0,0.0,0.0,0.0,0,0,0,0,0,0,0,0.0,0.0,0.0,0.0,0,0,0,0,0,0,0,0.0,0.0,0.0,0.0,0,0,0,0,0,0,0,0.0,0.0,0.0,0,0.0
1415,1,100.0,0,2,3,5,1,0,0,5903.62,-2550.47,-1.24,100.0,0,2,2,5,3,1,0,6226.06,-5072.78,-1.18,0.0,0,0,0,0,0,0,0,0.0,0.0,0.0,0.0,0,0,0,0,0,0,0,0.0,0.0,0.0,2,200.0
1415,20,78.0,0,2,3,5,4,6,0,7336.94,4582.53,0.58,100.0,0,3,3,5,7,4,0,2084.56,7856.31,-0.35,100.0,0,2,3,11,4,5,0,7069.94,4476.12,0.76,0.0,0,0,0,0,0,0,0,0.0,0.0,0.0,3,278.0
1415,12,0.0,0,0,0,0,0,0,0,0.0,0.0,0.0,0.0,0,0,0,0,0,0,0,0.0,0.0,0.0,0.0,0,0,0,0,0,0,0,0.0,0.0,0.0,0.0,0,0,0,0,0,0,0,0.0,0.0,0.0,0,0.0
1415,13,0.0,0,0,0,0,0,0,0,0.0,0.0,0.0,0.0,0,0,0,0,0,0,0,0.0,0.0,0.0,0.0,0,0,0,0,0,0,0,0.0,0.0,0.0,0.0,0,0,0,0,0,0,0,0.0,0.0,0.0,0,0.0
1416,1,100.0,0,2,3,5,1,0,0,5924.25,-2543.81,-1.24,100.0,0,2,2,5,3,1,0,6226.06,-5072.78,-1.18,0.0,0,0,0,0,0,0,0,0.0,0.0,0.0,0.0,0,0,0,0,0,0,0,0.0,0.0,0.0,2,200.0
1416,20,78.0,0,2,3,5,4,6,0,7336.94,4582.53,0.58,100.0,0,3,3,5,7,4,0,2084.56,7856.31,-0.35,100.0,0,2,3,11,4,5,0,7069.94,4476.12,0.76,0.0,0,0,0,0,0,0,0,0.0,0.0,0.0,3,278.0
1416,12,0.0,0,0,0,0,0,0,0,0.0,0.0,0.0,0.0,0,0,0,0,0,0,0,0.0,0.0,0.0,0.0,0,0,0,0,0,0,0,0.0,0.0,0.0,0.0,0,0,0,0,0,0,0,0.0,0.0,0.0,0,0.0
1416,13,0.0,0,0,0,0,0,0,0,0.0,0.0,0.0,0.0,0,0,0,0,0,0,0,0.0,0.0,0.0,0.0,0,0,0,0,0,0,0,0.0,0.0,0.0,0.0,0,0,0,0,0,0,0,0.0,0.0,0.0,0,0.0
1417,1,100.0,0,2,3,5,1,0,0,5924.25,-2543.81,-1.24,100.0,0,2,2,5,3,1,0,6226.06,-5072.78,-1.18,0.0,0,0,0,0,0,0,0,0.0,0.0,0.0,0.0,0,0,0,0,0,0,0,0.0,0.0,0.0,2,200.0
1417,20,78.0,0,2,3,5,4,6,0,7336.94,4582.53,0.58,100.0,0,3,3,5,7,4,0,2122.31,7878.53,-0.35,100.0,0,2,3,11,4,5,0,7069.94,4476.12,0.76,0.0,0,0,0,0,0,0,0,0.0,0.0,0.0,3,278.0
1417,12,0.0,0,0,0,0,0,0,0,0.0,0.0,0.0,0.0,0,0,0,0,0,0,0,0.0,0.0,0.0,0.0,0,0,0,0,0,0,0,0.0,0.0,0.0,0.0,0,0,0,0,0,0,0,0.0,0.0,0.0,0,0.0
1417,13,0.0,0,0,0,0,0,0,0,0.0,0.0,0.0,0.0,0,0,0,0,0,0,0,0.0,0.0,0.0,0.0,0,0,0,0,0,0,0,0.0,0.0,0.0,0.0,0,0,0,0,0,0,0,0.0,0.0,0.0,0,0.0
1418,1,100.0,0,2,3,5,1,0,0,5924.25,-2543.81,-1.24,100.0,0,2,2,5,3,1,0,6226.06,-5072.78,-1.18,0.0,0,0,0,0,0,0,0,0.0,0.0,0.0,0.0,0,0,0,0,0,0,0,0.0,0.0,0.0,2,200.0
1418,20,78.0,0,2,3,5,4,6,0,7336.94,4582.53,0.58,100.0,0,3,3,5,7,4,0,2122.31,7878.53,-0.35,53.96,0,2,3,11,4,5,0,7104.19,4485.19,0.75,0.0,0,0,0,0,0,0,0,0.0,0.0,0.0,3,231.96
1418,12,0.0,0,0,0,0,0,0,0,0.0,0.0,0.0,0.0,0,0,0,0,0,0,0,0.0,0.0,0.0,0.0,0,0,0,0,0,0,0,0.0,0.0,0.0,0.0,0,0,0,0,0,0,0,0.0,0.0,0.0,0,0.0
1418,13,0.0,0,0,0,0,0,0,0,0.0,0.0,0.0,0.0,0,0,0,0,0,0,0,0.0,0.0,0.0,0.0,0,0,0,0,0,0,0,0.0,0.0,0.0,0.0,0,0,0,0,0,0,0,0.0,0.0,0.0,0,0.0
1419,1,100.0,0,2,3,5,1,0,0,5924.25,-2543.81,-1.24,100.0,0,2,2,5,3,1,0,6226.06,-5072.78,-1.18,0.0,0,0,0,0,0,0,0,0.0,0.0,0.0,0.0,0,0,0,0,0,0,0,0.0,0.0,0.0,2,200.0
1419,20,78.0,0,2,3,5,4,6,0,7336.94,4582.53,0.58,100.0,0,3,3,5,7,4,0,2122.31,7878.53,-0.35,53.96,0,2,3,11,4,5,0,7104.19,4485.19,0.75,0.0,0,0,0,0,0,0,0,0.0,0.0,0.0,3,231.96
1419,12,0.0,0,0,0,0,0,0,0,0.0,0.0,0.0,0.0,0,0,0,0,0,0,0,0.0,0.0,0.0,0.0,0,0,0,0,0,0,0,0.0,0.0,0.0,0.0,0,0,0,0,0,0,0,0.0,0.0,0.0,0,0.0
1419,13,0.0,0,0,0,0,0,0,0,0.0,0.0,0.0,0.0,0,0,0,0,0,0,0,0.0,0.0,0.0,0.0,0,0,0,0,0,0,0,0.0,0.0,0.0,0.0,0,0,0,0,0,0,0,0.0,0.0,0.0,0,0.0
1420,1,100.0,0,2,3,5,1,0,0,5924.25,-2543.81,-1.24,100.0,0,2,2,5,3,1,0,6226.06,-5072.78,-1.18,0.0,0,0,0,0,0,0,0,0.0,0.0,0.0,0.0,0,0,0,0,0,0,0,0.0,0.0,0.0,2,200.0
1420,20,80.0,0,2,3,5,4,6,0,7397.0,4558.62,0.59,100.0,0,3,3,5,7,4,0,2122.31,7878.53,-0.35,53.96,0,2,3,11,4,5,0,7104.19,4485.19,0.75,0.0,0,0,0,0,0,0,0,0.0,0.0,0.0,3,233.96
1420,12,0.0,0,0,0,0,0,0,0,0.0,0.0,0.0,0.0,0,0,0,0,0,0,0,0.0,0.0,0.0,0.0,0,0,0,0,0,0,0,0.0,0.0,0.0,0.0,0,0,0,0,0,0,0,0.0,0.0,0.0,0,0.0
1420,13,0.0,0,0,0,0,0,0,0,0.0,0.0,0.0,0.0,0,0,0,0,0,0,0,0.0,0.0,0.0,0.0,0,0,0,0,0,0,0,0.0,0.0,0.0,0.0,0,0,0,0,0,0,0,0.0,0.0,0.0,0,0.0
1421,1,100.0,0,2,3,5,1,0,0,5924.25,-2543.81,-1.21,100.0,0,2,2,5,3,1,0,5545.19,-4160.91,-1.22,0.0,0,0,0,0,0,0,0,0.0,0.0,0.0,0.0,0,0,0,0,0,0,0,0.0,0.0,0.0,2,200.0
1421,20,80.0,0,2,3,5,4,6,0,7397.0,4558.62,0.59,100.0,0,3,3,5,7,4,0,2122.31,7878.53,-0.34,53.96,0,2,3,11,4,5,0,7104.19,4485.19,0.75,0.0,0,0,0,0,0,0,0,0.0,0.0,0.0,3,233.96
1421,12,0.0,0,0,0,0,0,0,0,0.0,0.0,0.0,0.0,0,0,0,0,0,0,0,0.0,0.0,0.0,0.0,0,0,0,0,0,0,0,0.0,0.0,0.0,0.0,0,0,0,0,0,0,0,0.0,0.0,0.0,0,0.0
1421,13,0.0,0,0,0,0,0,0,0,0.0,0.0,0.0,0.0,0,0,0,0,0,0,0,0.0,0.0,0.0,0.0,0,0,0,0,0,0,0,0.0,0.0,0.0,0.0,0,0,0,0,0,0,0,0.0,0.0,0.0,0,0.0
1422,1,100.0,0,2,3,5,1,0,0,5924.25,-2543.81,-1.21,100.0,0,2,2,5,3,1,0,5545.19,-4160.91,-1.22,0.0,0,0,0,0,0,0,0,0.0,0.0,0.0,0.0,0,0,0,0,0,0,0,0.0,0.0,0.0,2,200.0
1422,20,80.0,0,2,3,5,4,6,0,7397.0,4558.62,0.59,100.0,0,3,3,5,7,4,0,2122.31,7878.53,-0.34,53.96,0,2,3,11,4,5,0,7104.19,4485.19,0.75,0.0,0,0,0,0,0,0,0,0.0,0.0,0.0,3,233.96
1422,12,0.0,0,0,0,0,0,0,0,0.0,0.0,0.0,0.0,0,0,0,0,0,0,0,0.0,0.0,0.0,0.0,0,0,0,0,0,0,0,0.0,0.0,0.0,0.0,0,0,0,0,0,0,0,0.0,0.0,0.0,0,0.0
1422,13,0.0,0,0,0,0,0,0,0,0.0,0.0,0.0,0.0,0,0,0,0,0,0,0,0.0,0.0,0.0,0.0,0,0,0,0,0,0,0,0.0,0.0,0.0,0.0,0,0,0,0,0,0,0,0.0,0.0,0.0,0,0.0
1423,1,100.0,0,2,3,5,1,0,0,6008.75,-2559.19,-1.21,100.0,0,2,2,5,3,1,0,5545.19,-4160.91,-1.22,0.0,0,0,0,0,0,0,0,0.0,0.0,0.0,0.0,0,0,0,0,0,0,0,0.0,0.0,0.0,2,200.0
1423,20,80.0,0,2,3,5,4,6,0,7397.0,4558.62,0.59,100.0,0,3,3,5,7,4,0,2122.31,7878.53,-0.34,53.96,0,2,3,11,4,5,0,7104.19,4485.19,0.75,0.0,0,0,0,0,0,0,0,0.0,0.0,0.0,3,233.96
1423,12,0.0,0,0,0,0,0,0,0,0.0,0.0,0.0,0.0,0,0,0,0,0,0,0,0.0,0.0,0.0,0.0,0,0,0,0,0,0,0,0.0,0.0,0.0,0.0,0,0,0,0,0,0,0,0.0,0.0,0.0,0,0.0
1423,13,0.0,0,0,0,0,0,0,0,0.0,0.0,0.0,0.0,0,0,0,0,0,0,0,0.0,0.0,0.0,0.0,0,0,0,0,0,0,0,0.0,0.0,0.0,0.0,0,0,0,0,0,0,0,0.0,0.0,0.0,0,0.0
1424,1,100.0,0,2,3,5,1,0,0,6008.75,-2559.19,-0.68,100.0,0,2,2,5,3,1,0,5545.19,-4160.91,-0.68,0.0,0,0,0,0,0,0,0,0.0,0.0,0.0,0.0,0,0,0,0,0,0,0,0.0,0.0,0.0,2,200.0
1424,20,80.0,0,2,3,5,4,6,0,7397.0,4558.62,0.69,100.0,0,3,3,5,7,4,0,-714.81,6411.34,-1.47,53.96,0,2,3,11,4,5,0,7104.19,4485.19,0.81,0.0,0,0,0,0,0,0,0,0.0,0.0,0.0,3,233.96
1424,12,0.0,0,0,0,0,0,0,0,0.0,0.0,0.0,0.0,0,0,0,0,0,0,0,0.0,0.0,0.0,0.0,0,0,0,0,0,0,0,0.0,0.0,0.0,0.0,0,0,0,0,0,0,0,0.0,0.0,0.0,0,0.0
1424,13,0.0,0,0,0,0,0,0,0,0.0,0.0,0.0,0.0,0,0,0,0,0,0,0,0.0,0.0,0.0,0.0,0,0,0,0,0,0,0,0.0,0.0,0.0,0.0,0,0,0,0,0,0,0,0.0,0.0,0.0,0,0.0
1425,1,100.0,0,2,3,5,1,0,0,6008.75,-2559.19,-0.69,100.0,0,2,2,5,3,1,0,5545.19,-4160.91,-0.69,0.0,0,0,0,0,0,0,0,0.0,0.0,0.0,0.0,0,0,0,0,0,0,0,0.0,0.0,0.0,2,200.0
1425,20,80.0,0,2,3,5,4,6,0,7397.0,4558.62,0.66,100.0,0,3,3,5,7,4,0,-714.81,6411.34,-1.47,78.0,0,2,3,11,4,5,0,7136.75,4378.31,0.9,0.0,0,0,0,0,0,0,0,0.0,0.0,0.0,3,258.0
1425,12,0.0,0,0,0,0,0,0,0,0.0,0.0,0.0,0.0,0,0,0,0,0,0,0,0.0,0.0,0.0,0.0,0,0,0,0,0,0,0,0.0,0.0,0.0,0.0,0,0,0,0,0,0,0,0.0,0.0,0.0,0,0.0
1425,13,0.0,0,0,0,0,0,0,0,0.0,0.0,0.0,0.0,0,0,0,0,0,0,0,0.0,0.0,0.0,0.0,0,0,0,0,0,0,0,0.0,0.0,0.0,0.0,0,0,0,0,0,0,0,0.0,0.0,0.0,0,0.0
1426,1,100.0,0,2,3,5,1,0,0,6008.75,-2559.19,-0.7,100.0,0,2,2,5,3,1,0,5545.19,-4160.91,-0.71,0.0,0,0,0,0,0,0,0,0.0,0.0,0.0,0.0,0,0,0,0,0,0,0,0.0,0.0,0.0,2,200.0
1426,20,84.0,0,2,3,5,4,6,0,7016.31,4417.56,0.81,100.0,0,3,3,5,7,4,0,-714.81,6411.34,-1.46,78.0,0,2,3,11,4,5,0,7136.75,4378.31,0.85,0.0,0,0,0,0,0,0,0,0.0,0.0,0.0,3,262.0
1426,12,0.0,0,0,0,0,0,0,0,0.0,0.0,0.0,0.0,0,0,0,0,0,0,0,0.0,0.0,0.0,0.0,0,0,0,0,0,0,0,0.0,0.0,0.0,0.0,0,0,0,0,0,0,0,0.0,0.0,0.0,0,0.0
1426,13,0.0,0,0,0,0,0,0,0,0.0,0.0,0.0,0.0,0,0,0,0,0,0,0,0.0,0.0,0.0,0.0,0,0,0,0,0,0,0,0.0,0.0,0.0,0.0,0,0,0,0,0,0,0,0.0,0.0,0.0,0,0.0
1427,1,100.0,0,2,3,5,1,0,0,6008.75,-2559.19,-0.7,28.99,0,2,2,5,3,1,0,5966.06,-4734.47,-0.71,0.0,0,0,0,0,0,0,0,0.0,0.0,0.0,0.0,0,0,0,0,0,0,0,0.0,0.0,0.0,2,128.99
1427,20,84.0,0,2,3,5,4,6,0,7016.31,4417.56,0.81,100.0,0,3,3,5,7,4,0,-714.81,6411.34,-1.47,78.0,0,2,3,11,4,5,0,7136.75,4378.31,0.85,0.0,0,0,0,0,0,0,0,0.0,0.0,0.0,3,262.0
1427,12,0.0,0,0,0,0,0,0,0,0.0,0.0,0.0,0.0,0,0,0,0,0,0,0,0.0,0.0,0.0,0.0,0,0,0,0,0,0,0,0.0,0.0,0.0,0.0,0,0,0,0,0,0,0,0.0,0.0,0.0,0,0.0
1427,13,0.0,0,0,0,0,0,0,0,0.0,0.0,0.0,0.0,0,0,0,0,0,0,0,0.0,0.0,0.0,0.0,0,0,0,0,0,0,0,0.0,0.0,0.0,0.0,0,0,0,0,0,0,0,0.0,0.0,0.0,0,0.0
1428,1,100.0,0,2,3,5,1,0,0,6033.06,-2569.81,-0.7,28.99,0,2,2,5,3,1,0,5966.06,-4734.47,-0.71,0.0,0,0,0,0,0,0,0,0.0,0.0,0.0,0.0,0,0,0,0,0,0,0,0.0,0.0,0.0,2,128.99
1428,20,84.0,0,2,3,5,4,6,0,7016.31,4417.56,0.81,100.0,0,3,3,5,7,4,0,-714.81,6411.34,-1.47,78.0,0,2,3,11,4,5,0,7136.75,4378.31,0.85,0.0,0,0,0,0,0,0,0,0.0,0.0,0.0,3,262.0
1428,12,0.0,0,0,0,0,0,0,0,0.0,0.0,0.0,0.0,0,0,0,0,0,0,0,0.0,0.0,0.0,0.0,0,0,0,0,0,0,0,0.0,0.0,0.0,0.0,0,0,0,0,0,0,0,0.0,0.0,0.0,0,0.0
1428,13,0.0,0,0,0,0,0,0,0,0.0,0.0,0.0,0.0,0,0,0,0,0,0,0,0.0,0.0,0.0,0.0,0,0,0,0,0,0,0,0.0,0.0,0.0,0.0,0,0,0,0,0,0,0,0.0,0.0,0.0,0,0.0
1429,1,100.0,0,2,3,5,1,0,0,6033.06,-2569.81,-0.37,28.99,0,2,2,5,3,1,0,5966.06,-4734.47,-0.38,0.0,0,0,0,0,0,0,0,0.0,0.0,0.0,0.0,0,0,0,0,0,0,0,0.0,0.0,0.0,2,128.99
1429,20,84.0,0,2,3,5,4,6,0,7016.31,4417.56,0.75,100.0,0,3,3,5,7,4,0,-3784.5,2254.75,-1.85,78.0,0,2,3,11,4,5,0,7136.75,4378.31,0.78,0.0,0,0,0,0,0,0,0,0.0,0.0,0.0,3,262.0
1429,12,0.0,0,0,0,0,0,0,0,0.0,0.0,0.0,0.0,0,0,0,0,0,0,0,0.0,0.0,0.0,0.0,0,0,0,0,0,0,0,0.0,0.0,0.0,0.0,0,0,0,0,0,0,0,0.0,0.0,0.0,0,0.0
1429,13,0.0,0,0,0,0,0,0,0,0.0,0.0,0.0,0.0,0,0,0,0,0,0,0,0.0,0.0,0.0,0.0,0,0,0,0,0,0,0,0.0,0.0,0.0,0.0,0,0,0,0,0,0,0,0.0,0.0,0.0,0,0.0
1430,1,100.0,0,2,3,5,1,0,0,6033.06,-2569.81,-0.34,28.99,0,2,2,5,3,1,0,5966.06,-4734.47,-0.35,0.0,0,0,0,0,0,0,0,0.0,0.0,0.0,0.0,0,0,0,0,0,0,0,0.0,0.0,0.0,2,128.99
1430,20,84.0,0,2,3,5,4,6,0,7016.31,4417.56,0.82,100.0,0,3,3,5,7,4,0,-3784.5,2254.75,-1.86,80.0,0,2,3,11,4,5,0,6833.69,5119.41,0.59,0.0,0,0,0,0,0,0,0,0.0,0.0,0.0,3,264.0
1430,12,0.0,0,0,0,0,0,0,0,0.0,0.0,0.0,0.0,0,0,0,0,0,0,0,0.0,0.0,0.0,0.0,0,0,0,0,0,0,0,0.0,0.0,0.0,0.0,0,0,0,0,0,0,0,0.0,0.0,0.0,0,0.0
1430,13,0.0,0,0,0,0,0,0,0,0.0,0.0,0.0,0.0,0,0,0,0,0,0,0,0.0,0.0,0.0,0.0,0,0,0,0,0,0,0,0.0,0.0,0.0,0.0,0,0,0,0,0,0,0,0.0,0.0,0.0,0,0.0
1431,1,100.0,0,2,3,5,1,0,0,6033.06,-2569.81,-0.33,28.99,0,2,2,5,3,1,0,5966.06,-4734.47,-0.34,0.0,0,0,0,0,0,0,0,0.0,0.0,0.0,0.0,0,0,0,0,0,0,0,0.0,0.0,0.0,2,128.99
1431,20,88.0,0,2,3,5,4,6,0,7045.25,4465.09,0.78,100.0,0,3,3,5,7,4,0,-3784.5,2254.75,-1.86,80.0,0,2,3,11,4,5,0,6833.69,5119.41,0.6,0.0,0,0,0,0,0,0,0,0.0,0.0,0.0,3,268.0
1431,12,0.0,0,0,0,0,0,0,0,0.0,0.0,0.0,0.0,0,0,0,0,0,0,0,0.0,0.0,0.0,0.0,0,0,0,0,0,0,0,0.0,0.0,0.0,0.0,0,0,0,0,0,0,0,0.0,0.0,0.0,0,0.0
1431,13,0.0,0,0,0,0,0,0,0,0.0,0.0,0.0,0.0,0,0,0,0,0,0,0,0.0,0.0,0.0,0.0,0,0,0,0,0,0,0,0.0,0.0,0.0,0.0,0,0,0,0,0,0,0,0.0,0.0,0.0,0,0.0
1432,1,100.0,0,2,3,5,1,0,0,6033.06,-2569.81,-0.33,75.0,0,2,2,5,3,1,0,5601.5,-4969.03,-0.36,0.0,0,0,0,0,0,0,0,0.0,0.0,0.0,0.0,0,0,0,0,0,0,0,0.0,0.0,0.0,2,175.0
1432,20,88.0,0,2,3,5,4,6,0,7045.25,4465.09,0.79,100.0,0,3,3,5,7,4,0,-3784.5,2254.75,-1.85,80.0,0,2,3,11,4,5,0,6833.69,5119.41,0.6,0.0,0,0,0,0,0,0,0,0.0,0.0,0.0,3,268.0
1432,12,0.0,0,0,0,0,0,0,0,0.0,0.0,0.0,0.0,0,0,0,0,0,0,0,0.0,0.0,0.0,0.0,0,0,0,0,0,0,0,0.0,0.0,0.0,0.0,0,0,0,0,0,0,0,0.0,0.0,0.0,0,0.0
1432,13,0.0,0,0,0,0,0,0,0,0.0,0.0,0.0,0.0,0,0,0,0,0,0,0,0.0,0.0,0.0,0.0,0,0,0,0,0,0,0,0.0,0.0,0.0,0.0,0,0,0,0,0,0,0,0.0,0.0,0.0,0,0.0
1433,1,100.0,0,2,3,5,1,0,0,6043.75,-2547.28,-0.33,75.0,0,2,2,5,3,1,0,5601.5,-4969.03,-0.36,0.0,0,0,0,0,0,0,0,0.0,0.0,0.0,0.0,0,0,0,0,0,0,0,0.0,0.0,0.0,2,175.0
1433,20,88.0,0,2,3,5,4,6,0,7045.25,4465.09,0.79,100.0,0,3,3,5,7,4,0,-3784.5,2254.75,-1.85,80.0,0,2,3,11,4,5,0,6833.69,5119.41,0.6,0.0,0,0,0,0,0,0,0,0.0,0.0,0.0,3,268.0
1433,12,0.0,0,0,0,0,0,0,0,0.0,0.0,0.0,0.0,0,0,0,0,0,0,0,0.0,0.0,0.0,0.0,0,0,0,0,0,0,0,0.0,0.0,0.0,0.0,0,0,0,0,0,0,0,0.0,0.0,0.0,0,0.0
1433,13,0.0,0,0,0,0,0,0,0,0.0,0.0,0.0,0.0,0,0,0,0,0,0,0,0.0,0.0,0.0,0.0,0,0,0,0,0,0,0,0.0,0.0,0.0,0.0,0,0,0,0,0,0,0,0.0,0.0,0.0,0,0.0
1434,1,100.0,0,2,3,5,1,0,0,6043.75,-2547.28,-0.3,75.0,0,2,2,5,3,1,0,5601.5,-4969.03,-0.34,0.0,0,0,0,0,0,0,0,0.0,0.0,0.0,0.0,0,0,0,0,0,0,0,0.0,0.0,0.0,2,175.0
1434,20,88.0,0,2,3,5,4,6,0,7045.25,4465.09,0.78,100.0,0,3,3,5,7,4,0,-3914.12,-639.56,-1.88,80.0,0,2,3,11,4,5,0,6833.69,5119.41,0.6,0.0,0,0,0,0,0,0,0,0.0,0.0,0.0,3,268.0
1434,12,0.0,0,0,0,0,0,0,0,0.0,0.0,0.0,0.0,0,0,0,0,0,0,0,0.0,0.0,0.0,0.0,0,0,0,0,0,0,0,0.0,0.0,0.0,0.0,0,0,0,0,0,0,0,0.0,0.0,0.0,0,0.0
1434,13,0.0,0,0,0,0,0,0,0,0.0,0.0,0.0,0.0,0,0,0,0,0,0,0,0.0,0.0,0.0,0.0,0,0,0,0,0,0,0,0.0,0.0,0.0,0.0,0,0,0,0,0,0,0,0.0,0.0,0.0,0,0.0
1435,1,100.0,0,2,3,5,1,0,0,6043.75,-2547.28,-0.32,75.0,0,2,2,5,3,1,0,5601.5,-4969.03,-0.35,0.0,0,0,0,0,0,0,0,0.0,0.0,0.0,0.0,0,0,0,0,0,0,0,0.0,0.0,0.0,2,175.0
1435,20,88.0,0,2,3,5,4,6,0,7045.25,4465.09,0.75,100.0,0,3,3,5,7,4,0,-3914.12,-639.56,-1.88,84.0,0,2,3,11,4,5,0,6834.69,4440.91,0.7,0.0,0,0,0,0,0,0,0,0.0,0.0,0.0,3,272.0
1435,12,0.0,0,0,0,0,0,0,0,0.0,0.0,0.0,0.0,0,0,0,0,0,0,0,0.0,0.0,0.0,0.0,0,0,0,0,0,0,0,0.0,0.0,0.0,0.0,0,0,0,0,0,0,0,0.0,0.0,0.0,0,0.0
1435,13,0.0,0,0,0,0,0,0,0,0.0,0.0,0.0,0.0,0,0,0,0,0,0,0,0.0,0.0,0.0,0.0,0,0,0,0,0,0,0,0.0,0.0,0.0,0.0,0,0,0,0,0,0,0,0.0,0.0,0.0,0,0.0
1436,1,100.0,0,2,3,5,1,0,0,6043.75,-2547.28,-0.32,75.0,0,2,2,5,3,1,0,5601.5,-4969.03,-0.35,0.0,0,0,0,0,0,0,0,0.0,0.0,0.0,0.0,0,0,0,0,0,0,0,0.0,0.0,0.0,2,175.0
1436,20,94.0,0,2,3,5,4,6,0,7100.19,4454.16,0.76,100.0,0,3,3,5,7,4,0,-3914.12,-639.56,-1.87,84.0,0,2,3,11,4,5,0,6834.69,4440.91,0.7,0.0,0,0,0,0,0,0,0,0.0,0.0,0.0,3,278.0
1436,12,0.0,0,0,0,0,0,0,0,0.0,0.0,0.0,0.0,0,0,0,0,0,0,0,0.0,0.0,0.0,0.0,0,0,0,0,0,0,0,0.0,0.0,0.0,0.0,0,0,0,0,0,0,0,0.0,0.0,0.0,0,0.0
1436,13,0.0,0,0,0,0,0,0,0,0.0,0.0,0.0,0.0,0,0,0,0,0,0,0,0.0,0.0,0.0,0.0,0,0,0,0,0,0,0,0.0,0.0,0.0,0.0,0,0,0,0,0,0,0,0.0,0.0,0.0,0,0.0
1437,1,100.0,0,2,3,5,1,0,0,6043.75,-2547.28,-0.33,77.0,0,2,2,5,3,1,0,6473.69,-5041.91,-0.29,0.0,0,0,0,0,0,0,0,0.0,0.0,0.0,0.0,0,0,0,0,0,0,0,0.0,0.0,0.0,2,177.0
1437,20,94.0,0,2,3,5,4,6,0,7100.19,4454.16,0.75,100.0,0,3,3,5,7,4,0,-3914.12,-639.56,-1.9,84.0,0,2,3,11,4,5,0,6834.69,4440.91,0.69,0.0,0,0,0,0,0,0,0,0.0,0.0,0.0,3,278.0
1437,12,0.0,0,0,0,0,0,0,0,0.0,0.0,0.0,0.0,0,0,0,0,0,0,0,0.0,0.0,0.0,0.0,0,0,0,0,0,0,0,0.0,0.0,0.0,0.0,0,0,0,0,0,0,0,0.0,0.0,0.0,0,0.0
1437,13,0.0,0,0,0,0,0,0,0,0.0,0.0,0.0,0.0,0,0,0,0,0,0,0,0.0,0.0,0.0,0.0,0,0,0,0,0,0,0,0.0,0.0,0.0,0.0,0,0,0,0,0,0,0,0.0,0.0,0.0,0,0.0
1438,1,100.0,0,2,3,5,1,0,0,5909.44,-2556.88,-0.34,77.0,0,2,2,5,3,1,0,6473.69,-5041.91,-0.29,0.0,0,0,0,0,0,0,0,0.0,0.0,0.0,0.0,0,0,0,0,0,0,0,0.0,0.0,0.0,2,177.0
1438,20,94.0,0,2,3,5,4,6,0,7100.19,4454.16,0.75,100.0,0,3,3,5,7,4,0,-3914.12,-639.56,-1.89,84.0,0,2,3,11,4,5,0,6834.69,4440.91,0.69,0.0,0,0,0,0,0,0,0,0.0,0.0,0.0,3,278.0
1438,12,0.0,0,0,0,0,0,0,0,0.0,0.0,0.0,0.0,0,0,0,0,0,0,0,0.0,0.0,0.0,0.0,0,0,0,0,0,0,0,0.0,0.0,0.0,0.0,0,0,0,0,0,0,0,0.0,0.0,0.0,0,0.0
1438,13,0.0,0,0,0,0,0,0,0,0.0,0.0,0.0,0.0,0,0,0,0,0,0,0,0.0,0.0,0.0,0.0,0,0,0,0,0,0,0,0.0,0.0,0.0,0.0,0,0,0,0,0,0,0,0.0,0.0,0.0,0,0.0
1439,1,100.0,0,2,3,5,1,0,0,5909.44,-2556.88,-0.39,77.0,0,2,2,5,3,1,0,6473.69,-5041.91,-0.34,0.0,0,0,0,0,0,0,0,0.0,0.0,0.0,0.0,0,0,0,0,0,0,0,0.0,0.0,0.0,2,177.0
1439,20,94.0,0,2,3,5,4,6,0,7100.19,4454.16,0.76,100.0,0,3,3,5,7,4,0,-3607.12,-970.66,-1.85,84.0,0,2,3,11,4,5,0,6834.69,4440.91,0.7,0.0,0,0,0,0,0,0,0,0.0,0.0,0.0,3,278.0
1439,12,0.0,0,0,0,0,0,0,0,0.0,0.0,0.0,0.0,0,0,0,0,0,0,0,0.0,0.0,0.0,0.0,0,0,0,0,0,0,0,0.0,0.0,0.0,0.0,0,0,0,0,0,0,0,0.0,0.0,0.0,0,0.0
1439,13,0.0,0,0,0,0,0,0,0,0.0,0.0,0.0,0.0,0,0,0,0,0,0,0,0.0,0.0,0.0,0.0,0,0,0,0,0,0,0,0.0,0.0,0.0,0.0,0,0,0,0,0,0,0,0.0,0.0,0.0,0,0.0
1440,1,100.0,0,2,3,5,1,0,0,5909.44,-2556.88,-0.34,77.0,0,2,2,5,3,1,0,6473.69,-5041.91,-0.29,0.0,0,0,0,0,0,0,0,0.0,0.0,0.0,0.0,0,0,0,0,0,0,0,0.0,0.0,0.0,2,177.0
1440,20,94.0,0,2,3,5,4,6,0,7100.19,4454.16,0.84,100.0,0,3,3,5,7,4,0,-3607.12,-970.66,-1.85,87.0,0,2,3,11,4,5,1,4952.31,4905.06,0.43,0.0,0,0,0,0,0,0,0,0.0,0.0,0.0,3,281.0
1440,12,0.0,0,0,0,0,0,0,0,0.0,0.0,0.0,0.0,0,0,0,0,0,0,0,0.0,0.0,0.0,0.0,0,0,0,0,0,0,0,0.0,0.0,0.0,0.0,0,0,0,0,0,0,0,0.0,0.0,0.0,0,0.0
1440,13,0.0,0,0,0,0,0,0,0,0.0,0.0,0.0,0.0,0,0,0,0,0,0,0,0.0,0.0,0.0,0.0,0,0,0,0,0,0,0,0.0,0.0,0.0,0.0,0,0,0,0,0,0,0,0.0,0.0,0.0,0,0.0
1441,1,100.0,0,2,3,5,1,0,0,5909.44,-2556.88,-0.09,77.0,0,2,2,5,3,1,0,6473.69,-5041.91,-0.04,0.0,0,0,0,0,0,0,0,0.0,0.0,0.0,0.0,0,0,0,0,0,0,0,0.0,0.0,0.0,2,177.0
1441,20,97.0,0,2,3,5,4,6,1,874.38,3961.28,-0.46,100.0,0,3,3,5,7,4,0,-3607.12,-970.66,-1.69,87.0,0,2,3,11,4,5,1,4952.31,4905.06,0.72,0.0,0,0,0,0,0,0,0,0.0,0.0,0.0,3,284.0
1441,12,0.0,0,0,0,0,0,0,0,0.0,0.0,0.0,0.0,0,0,0,0,0,0,0,0.0,0.0,0.0,0.0,0,0,0,0,0,0,0,0.0,0.0,0.0,0.0,0,0,0,0,0,0,0,0.0,0.0,0.0,0,0.0
1441,13,0.0,0,0,0,0,0,0,0,0.0,0.0,0.0,0.0,0,0,0,0,0,0,0,0.0,0.0,0.0,0.0,0,0,0,0,0,0,0,0.0,0.0,0.0,0.0,0,0,0,0,0,0,0,0.0,0.0,0.0,0,0.0
1442,1,100.0,0,2,3,5,1,0,0,5909.44,-2556.88,-0.08,82.0,0,2,2,5,3,1,0,6093.44,-4770.84,-0.08,0.0,0,0,0,0,0,0,0,0.0,0.0,0.0,0.0,0,0,0,0,0,0,0,0.0,0.0,0.0,2,182.0
1442,20,97.0,0,2,3,5,4,6,1,874.38,3961.28,-0.45,100.0,0,3,3,5,7,4,0,-3607.12,-970.66,-1.68,87.0,0,2,3,11,4,5,1,4952.31,4905.06,0.73,0.0,0,0,0,0,0,0,0,0.0,0.0,0.0,3,284.0
1442,12,0.0,0,0,0,0,0,0,0,0.0,0.0,0.0,0.0,0,0,0,0,0,0,0,0.0,0.0,0.0,0.0,0,0,0,0,0,0,0,0.0,0.0,0.0,0.0,0,0,0,0,0,0,0,0.0,0.0,0.0,0,0.0
1442,13,0.0,0,0,0,0,0,0,0,0.0,0.0,0.0,0.0,0,0,0,0,0,0,0,0.0,0.0,0.0,0.0,0,0,0,0,0,0,0,0.0,0.0,0.0,0.0,0,0,0,0,0,0,0,0.0,0.0,0.0,0,0.0
1443,1,100.0,0,2,3,5,1,0,0,5514.0,-2599.88,-0.09,82.0,0,2,2,5,3,1,0,6093.44,-4770.84,-0.08,0.0,0,0,0,0,0,0,0,0.0,0.0,0.0,0.0,0,0,0,0,0,0,0,0.0,0.0,0.0,2,182.0
1443,20,97.0,0,2,3,5,4,6,1,874.38,3961.28,-0.45,100.0,0,3,3,5,7,4,0,-3607.12,-970.66,-1.68,87.0,0,2,3,11,4,5,1,4952.31,4905.06,0.73,0.0,0,0,0,0,0,0,0,0.0,0.0,0.0,3,284.0
1443,12,0.0,0,0,0,0,0,0,0,0.0,0.0,0.0,0.0,0,0,0,0,0,0,0,0.0,0.0,0.0,0.0,0,0,0,0,0,0,0,0.0,0.0,0.0,0.0,0,0,0,0,0,0,0,0.0,0.0,0.0,0,0.0
1443,13,0.0,0,0,0,0,0,0,0,0.0,0.0,0.0,0.0,0,0,0,0,0,0,0,0.0,0.0,0.0,0.0,0,0,0,0,0,0,0,0.0,0.0,0.0,0.0,0,0,0,0,0,0,0,0.0,0.0,0.0,0,0.0
1444,1,100.0,0,2,3,5,1,0,0,5514.0,-2599.88,-0.1,82.0,0,2,2,5,3,1,0,6093.44,-4770.84,-0.09,0.0,0,0,0,0,0,0,0,0.0,0.0,0.0,0.0,0,0,0,0,0,0,0,0.0,0.0,0.0,2,182.0
1444,20,97.0,0,2,3,5,4,6,1,874.38,3961.28,-0.47,100.0,0,3,3,5,7,4,0,-3366.06,-796.47,-1.65,87.0,0,2,3,11,4,5,1,4952.31,4905.06,0.73,0.0,0,0,0,0,0,0,0,0.0,0.0,0.0,3,284.0
1444,12,0.0,0,0,0,0,0,0,0,0.0,0.0,0.0,0.0,0,0,0,0,0,0,0,0.0,0.0,0.0,0.0,0,0,0,0,0,0,0,0.0,0.0,0.0,0.0,0,0,0,0,0,0,0,0.0,0.0,0.0,0,0.0
1444,13,0.0,0,0,0,0,0,0,0,0.0,0.0,0.0,0.0,0,0,0,0,0,0,0,0.0,0.0,0.0,0.0,0,0,0,0,0,0,0,0.0,0.0,0.0,0.0,0,0,0,0,0,0,0,0.0,0.0,0.0,0,0.0
1445,1,100.0,0,2,3,5,1,0,0,5514.0,-2599.88,0.31,82.0,0,2,2,5,3,1,0,6093.44,-4770.84,0.32,0.0,0,0,0,0,0,0,0,0.0,0.0,0.0,0.0,0,0,0,0,0,0,0,0.0,0.0,0.0,2,182.0
1445,20,97.0,0,2,3,5,4,6,1,874.38,3961.28,-0.01,100.0,0,3,3,5,7,4,0,-3366.06,-796.47,-1.02,90.0,0,2,3,11,4,5,0,-5003.31,-2738.72,-1.33,0.0,0,0,0,0,0,0,0,0.0,0.0,0.0,3,287.0
1445,12,0.0,0,0,0,0,0,0,0,0.0,0.0,0.0,0.0,0,0,0,0,0,0,0,0.0,0.0,0.0,0.0,0,0,0,0,0,0,0,0.0,0.0,0.0,0.0,0,0,0,0,0,0,0,0.0,0.0,0.0,0,0.0
1445,13,0.0,0,0,0,0,0,0,0,0.0,0.0,0.0,0.0,0,0,0,0,0,0,0,0.0,0.0,0.0,0.0,0,0,0,0,0,0,0,0.0,0.0,0.0,0.0,0,0,0,0,0,0,0,0.0,0.0,0.0,0,0.0
1446,1,100.0,0,2,3,5,1,0,0,5514.0,-2599.88,0.47,82.0,0,2,2,5,3,1,0,6093.44,-4770.84,0.48,0.0,0,0,0,0,0,0,0,0.0,0.0,0.0,0.0,0,0,0,0,0,0,0,0.0,0.0,0.0,2,182.0
1446,20,100.0,0,2,3,5,4,6,0,-5008.62,-2337.75,-0.97,100.0,0,3,3,5,7,4,0,-3366.06,-796.47,-0.72,90.0,0,2,3,11,4,5,0,-5003.31,-2738.72,-1.01,0.0,0,0,0,0,0,0,0,0.0,0.0,0.0,3,290.0
1446,12,0.0,0,0,0,0,0,0,0,0.0,0.0,0.0,0.0,0,0,0,0,0,0,0,0.0,0.0,0.0,0.0,0,0,0,0,0,0,0,0.0,0.0,0.0,0.0,0,0,0,0,0,0,0,0.0,0.0,0.0,0,0.0
1446,13,0.0,0,0,0,0,0,0,0,0.0,0.0,0.0,0.0,0,0,0,0,0,0,0,0.0,0.0,0.0,0.0,0,0,0,0,0,0,0,0.0,0.0,0.0,0.0,0,0,0,0,0,0,0,0.0,0.0,0.0,0,0.0
1447,1,100.0,0,2,3,5,1,0,0,5514.0,-2599.88,0.44,78.0,0,2,2,5,3,1,1,8050.12,-5196.66,0.6,0.0,0,0,0,0,0,0,0,0.0,0.0,0.0,0.0,0,0,0,0,0,0,0,0.0,0.0,0.0,2,178.0
1447,20,100.0,0,2,3,5,4,6,0,-5008.62,-2337.75,-0.98,100.0,0,3,3,5,7,4,0,-3366.06,-796.47,-0.74,90.0,0,2,3,11,4,5,0,-5003.31,-2738.72,-1.02,0.0,0,0,0,0,0,0,0,0.0,0.0,0.0,3,290.0
1447,12,0.0,0,0,0,0,0,0,0,0.0,0.0,0.0,0.0,0,0,0,0,0,0,0,0.0,0.0,0.0,0.0,0,0,0,0,0,0,0,0.0,0.0,0.0,0.0,0,0,0,0,0,0,0,0.0,0.0,0.0,0,0.0
1447,13,0.0,0,0,0,0,0,0,0,0.0,0.0,0.0,0.0,0,0,0,0,0,0,0,0.0,0.0,0.0,0.0,0,0,0,0,0,0,0,0.0,0.0,0.0,0.0,0,0,0,0,0,0,0,0.0,0.0,0.0,0,0.0
1448,1,100.0,0,2,3,5,1,0,0,5808.12,-2701.81,0.44,78.0,0,2,2,5,3,1,1,8050.12,-5196.66,0.6,0.0,0,0,0,0,0,0,0,0.0,0.0,0.0,0.0,0,0,0,0,0,0,0,0.0,0.0,0.0,2,178.0
1448,20,100.0,0,2,3,5,4,6,0,-5008.62,-2337.75,-0.98,100.0,0,3,3,5,7,4,0,-3366.06,-796.47,-0.74,90.0,0,2,3,11,4,5,0,-5003.31,-2738.72,-1.02,0.0,0,0,0,0,0,0,0,0.0,0.0,0.0,3,290.0
1448,12,0.0,0,0,0,0,0,0,0,0.0,0.0,0.0,0.0,0,0,0,0,0,0,0,0.0,0.0,0.0,0.0,0,0,0,0,0,0,0,0.0,0.0,0.0,0.0,0,0,0,0,0,0,0,0.0,0.0,0.0,0,0.0
1448,13,0.0,0,0,0,0,0,0,0,0.0,0.0,0.0,0.0,0,0,0,0,0,0,0,0.0,0.0,0.0,0.0,0,0,0,0,0,0,0,0.0,0.0,0.0,0.0,0,0,0,0,0,0,0,0.0,0.0,0.0,0,0.0
1449,1,100.0,0,2,3,5,1,0,0,5808.12,-2701.81,0.43,78.0,0,2,2,5,3,1,1,8050.12,-5196.66,0.6,0.0,0,0,0,0,0,0,0,0.0,0.0,0.0,0.0,0,0,0,0,0,0,0,0.0,0.0,0.0,2,178.0
1449,20,100.0,0,2,3,5,4,6,0,-5008.62,-2337.75,-1.0,100.0,0,3,3,5,7,4,0,-3308.12,-822.03,-0.71,90.0,0,2,3,11,4,5,0,-5003.31,-2738.72,-1.03,0.0,0,0,0,0,0,0,0,0.0,0.0,0.0,3,290.0
1449,12,0.0,0,0,0,0,0,0,0,0.0,0.0,0.0,0.0,0,0,0,0,0,0,0,0.0,0.0,0.0,0.0,0,0,0,0,0,0,0,0.0,0.0,0.0,0.0,0,0,0,0,0,0,0,0.0,0.0,0.0,0,0.0
1449,13,0.0,0,0,0,0,0,0,0,0.0,0.0,0.0,0.0,0,0,0,0,0,0,0,0.0,0.0,0.0,0.0,0,0,0,0,0,0,0,0.0,0.0,0.0,0.0,0,0,0,0,0,0,0,0.0,0.0,0.0,0,0.0
1450,1,100.0,0,2,3,5,1,0,0,5808.12,-2701.81,0.43,78.0,0,2,2,5,3,1,1,8050.12,-5196.66,0.6,0.0,0,0,0,0,0,0,0,0.0,0.0,0.0,0.0,0,0,0,0,0,0,0,0.0,0.0,0.0,2,178.0
1450,20,100.0,0,2,3,5,4,6,0,-5008.62,-2337.75,-1.0,100.0,0,3,3,5,7,4,0,-3308.12,-822.03,-0.71,93.0,0,2,3,11,4,5,0,-4867.31,-3142.19,-1.03,0.0,0,0,0,0,0,0,0,0.0,0.0,0.0,3,293.0
1450,12,0.0,0,0,0,0,0,0,0,0.0,0.0,0.0,0.0,0,0,0,0,0,0,0,0.0,0.0,0.0,0.0,0,0,0,0,0,0,0,0.0,0.0,0.0,0.0,0,0,0,0,0,0,0,0.0,0.0,0.0,0,0.0
1450,13,0.0,0,0,0,0,0,0,0,0.0,0.0,0.0,0.0,0,0,0,0,0,0,0,0.0,0.0,0.0,0.0,0,0,0,0,0,0,0,0.0,0.0,0.0,0.0,0,0,0,0,0,0,0,0.0,0.0,0.0,0,0.0
1451,1,100.0,0,2,3,5,1,0,0,5808.12,-2701.81,0.44,78.0,0,2,2,5,3,1,1,8050.12,-5196.66,0.6,0.0,0,0,0,0,0,0,0,0.0,0.0,0.0,0.0,0,0,0,0,0,0,0,0.0,0.0,0.0,2,178.0
1451,20,100.0,0,2,3,5,4,6,0,-5524.44,-4623.66,-1.03,100.0,0,3,3,5,7,4,0,-3308.12,-822.03,-0.69,93.0,0,2,3,11,4,5,0,-4867.31,-3142.19,-1.01,0.0,0,0,0,0,0,0,0,0.0,0.0,0.0,3,293.0
1451,12,0.0,0,0,0,0,0,0,0,0.0,0.0,0.0,0.0,0,0,0,0,0,0,0,0.0,0.0,0.0,0.0,0,0,0,0,0,0,0,0.0,0.0,0.0,0.0,0,0,0,0,0,0,0,0.0,0.0,0.0,0,0.0
1451,13,0.0,0,0,0,0,0,0,0,0.0,0.0,0.0,0.0,0,0,0,0,0,0,0,0.0,0.0,0.0,0.0,0,0,0,0,0,0,0,0.0,0.0,0.0,0.0,0,0,0,0,0,0,0,0.0,0.0,0.0,0,0.0
1452,1,100.0,0,2,3,5,1,0,0,5828.62,-2658.75,0.46,75.0,0,2,2,5,3,1,0,6912.06,-5096.66,0.5,0.0,0,0,0,0,0,0,0,0.0,0.0,0.0,0.0,0,0,0,0,0,0,0,0.0,0.0,0.0,2,175.0
1452,20,100.0,0,2,3,5,4,6,0,-5503.94,-4580.59,-1.02,100.0,0,3,3,5,7,4,0,-3287.62,-778.97,-0.68,93.0,0,2,3,11,4,5,0,-4846.81,-3099.12,-1.0,0.0,0,0,0,0,0,0,0,0.0,0.0,0.0,3,293.0
1452,12,0.0,0,0,0,0,0,0,0,0.0,0.0,0.0,0.0,0,0,0,0,0,0,0,0.0,0.0,0.0,0.0,0,0,0,0,0,0,0,0.0,0.0,0.0,0.0,0,0,0,0,0,0,0,0.0,0.0,0.0,0,0.0
1452,13,0.0,0,0,0,0,0,0,0,0.0,0.0,0.0,0.0,0,0,0,0,0,0,0,0.0,0.0,0.0,0.0,0,0,0,0,0,0,0,0.0,0.0,0.0,0.0,0,0,0,0,0,0,0,0.0,0.0,0.0,0,0.0
1453,1,100.0,0,2,3,5,1,0,1,7034.56,-2647.25,0.55,75.0,0,2,2,5,3,1,0,6912.06,-5096.66,0.48,0.0,0,0,0,0,0,0,0,0.0,0.0,0.0,0.0,0,0,0,0,0,0,0,0.0,0.0,0.0,2,175.0
1453,20,100.0,0,2,3,5,4,6,0,-5503.94,-4580.59,-1.03,100.0,0,3,3,5,7,4,0,-3287.62,-778.97,-0.69,93.0,0,2,3,11,4,5,0,-4846.81,-3099.12,-1.01,0.0,0,0,0,0,0,0,0,0.0,0.0,0.0,3,293.0
1453,12,0.0,0,0,0,0,0,0,0,0.0,0.0,0.0,0.0,0,0,0,0,0,0,0,0.0,0.0,0.0,0.0,0,0,0,0,0,0,0,0.0,0.0,0.0,0.0,0,0,0,0,0,0,0,0.0,0.0,0.0,0,0.0
1453,13,0.0,0,0,0,0,0,0,0,0.0,0.0,0.0,0.0,0,0,0,0,0,0,0,0.0,0.0,0.0,0.0,0,0,0,0,0,0,0,0.0,0.0,0.0,0.0,0,0,0,0,0,0,0,0.0,0.0,0.0,0,0.0
1454,1,100.0,0,2,3,5,1,0,1,7034.56,-2647.25,0.55,75.0,0,2,2,5,3,1,0,6912.06,-5096.66,0.49,0.0,0,0,0,0,0,0,0,0.0,0.0,0.0,0.0,0,0,0,0,0,0,0,0.0,0.0,0.0,2,175.0
1454,20,100.0,0,2,3,5,4,6,0,-5503.94,-4580.59,-1.02,100.0,0,3,3,5,7,4,0,-3404.69,-845.03,-0.72,93.0,0,2,3,11,4,5,0,-4846.81,-3099.12,-1.0,0.0,0,0,0,0,0,0,0,0.0,0.0,0.0,3,293.0
1454,12,0.0,0,0,0,0,0,0,0,0.0,0.0,0.0,0.0,0,0,0,0,0,0,0,0.0,0.0,0.0,0.0,0,0,0,0,0,0,0,0.0,0.0,0.0,0.0,0,0,0,0,0,0,0,0.0,0.0,0.0,0,0.0
1454,13,0.0,0,0,0,0,0,0,0,0.0,0.0,0.0,0.0,0,0,0,0,0,0,0,0.0,0.0,0.0,0.0,0,0,0,0,0,0,0,0.0,0.0,0.0,0.0,0,0,0,0,0,0,0,0.0,0.0,0.0,0,0.0
1455,1,100.0,0,2,3,5,1,0,1,7034.56,-2647.25,0.54,75.0,0,2,2,5,3,1,0,6912.06,-5096.66,0.48,0.0,0,0,0,0,0,0,0,0.0,0.0,0.0,0.0,0,0,0,0,0,0,0,0.0,0.0,0.0,2,175.0
1455,20,100.0,0,2,3,5,4,6,0,-5503.94,-4580.59,-1.05,100.0,0,3,3,5,7,4,0,-3404.69,-845.03,-0.75,99.0,0,2,3,11,4,5,0,-4850.5,-2706.84,-0.94,0.0,0,0,0,0,0,0,0,0.0,0.0,0.0,3,299.0
1455,12,0.0,0,0,0,0,0,0,0,0.0,0.0,0.0,0.0,0,0,0,0,0,0,0,0.0,0.0,0.0,0.0,0,0,0,0,0,0,0,0.0,0.0,0.0,0.0,0,0,0,0,0,0,0,0.0,0.0,0.0,0,0.0
1455,13,0.0,0,0,0,0,0,0,0,0.0,0.0,0.0,0.0,0,0,0,0,0,0,0,0.0,0.0,0.0,0.0,0,0,0,0,0,0,0,0.0,0.0,0.0,0.0,0,0,0,0,0,0,0,0.0,0.0,0.0,0,0.0
1456,1,100.0,0,2,3,5,1,0,1,7034.56,-2647.25,0.54,75.0,0,2,2,5,3,1,0,6912.06,-5096.66,0.48,0.0,0,0,0,0,0,0,0,0.0,0.0,0.0,0.0,0,0,0,0,0,0,0,0.0,0.0,0.0,2,175.0
1456,20,100.0,0,2,3,5,4,6,0,-5479.06,-4653.31,-1.03,100.0,0,3,3,5,7,4,0,-3404.69,-845.03,-0.76,99.0,0,2,3,11,4,5,0,-4850.5,-2706.84,-0.94,0.0,0,0,0,0,0,0,0,0.0,0.0,0.0,3,299.0
1456,12,0.0,0,0,0,0,0,0,0,0.0,0.0,0.0,0.0,0,0,0,0,0,0,0,0.0,0.0,0.0,0.0,0,0,0,0,0,0,0,0.0,0.0,0.0,0.0,0,0,0,0,0,0,0,0.0,0.0,0.0,0,0.0
1456,13,0.0,0,0,0,0,0,0,0,0.0,0.0,0.0,0.0,0,0,0,0,0,0,0,0.0,0.0,0.0,0.0,0,0,0,0,0,0,0,0.0,0.0,0.0,0.0,0,0,0,0,0,0,0,0.0,0.0,0.0,0,0.0
1457,1,100.0,0,2,3,5,1,0,1,7533.56,-1601.03,0.6,0.0,0,0,0,0,0,0,0,0.0,0.0,0.0,0.0,0,0,0,0,0,0,0,0.0,0.0,0.0,0.0,0,0,0,0,0,0,0,0.0,0.0,0.0,1,100.0
1457,20,100.0,0,2,3,5,4,6,0,-4980.06,-3607.09,-0.88,100.0,0,3,3,5,7,4,0,-2905.69,201.19,-0.62,99.0,0,2,3,11,4,5,0,-4351.5,-1660.62,-0.79,0.0,0,0,0,0,0,0,0,0.0,0.0,0.0,3,299.0
1457,12,0.0,0,0,0,0,0,0,0,0.0,0.0,0.0,0.0,0,0,0,0,0,0,0,0.0,0.0,0.0,0.0,0,0,0,0,0,0,0,0.0,0.0,0.0,0.0,0,0,0,0,0,0,0,0.0,0.0,0.0,0,0.0
1457,13,0.0,0,0,0,0,0,0,0,0.0,0.0,0.0,0.0,0,0,0,0,0,0,0,0.0,0.0,0.0,0.0,0,0,0,0,0,0,0,0.0,0.0,0.0,0.0,0,0,0,0,0,0,0,0.0,0.0,0.0,0,0.0
1458,1,80.69,0,2,3,5,1,0,1,4309.75,-3297.06,-0.07,0.0,0,0,0,0,0,0,0,0.0,0.0,0.0,0.0,0,0,0,0,0,0,0,0.0,0.0,0.0,0.0,0,0,0,0,0,0,0,0.0,0.0,0.0,1,80.69
1458,20,100.0,0,2,3,5,4,7,0,-4980.06,-3607.09,-0.74,100.0,0,3,3,5,7,4,0,-2905.69,201.19,-0.48,99.0,0,2,3,11,4,5,0,-4351.5,-1660.62,-0.66,0.0,0,0,0,0,0,0,0,0.0,0.0,0.0,3,299.0
1458,12,0.0,0,0,0,0,0,0,0,0.0,0.0,0.0,0.0,0,0,0,0,0,0,0,0.0,0.0,0.0,0.0,0,0,0,0,0,0,0,0.0,0.0,0.0,0.0,0,0,0,0,0,0,0,0.0,0.0,0.0,0,0.0
1458,13,0.0,0,0,0,0,0,0,0,0.0,0.0,0.0,0.0,0,0,0,0,0,0,0,0.0,0.0,0.0,0.0,0,0,0,0,0,0,0,0.0,0.0,0.0,0.0,0,0,0,0,0,0,0,0.0,0.0,0.0,0,0.0
1459,1,80.69,0,2,3,5,1,0,1,4309.75,-3297.06,-0.08,0.0,0,0,0,0,0,0,0,0.0,0.0,0.0,0.0,0,0,0,0,0,0,0,0.0,0.0,0.0,0.0,0,0,0,0,0,0,0,0.0,0.0,0.0,1,80.69
1459,20,100.0,0,2,3,5,4,7,0,-4980.06,-3607.09,-0.76,100.0,0,3,3,5,7,4,0,-2751.62,324.44,-0.45,99.0,0,2,3,11,4,5,0,-4351.5,-1660.62,-0.67,0.0,0,0,0,0,0,0,0,0.0,0.0,0.0,3,299.0
1459,12,0.0,0,0,0,0,0,0,0,0.0,0.0,0.0,0.0,0,0,0,0,0,0,0,0.0,0.0,0.0,0.0,0,0,0,0,0,0,0,0.0,0.0,0.0,0.0,0,0,0,0,0,0,0,0.0,0.0,0.0,0,0.0
1459,13,0.0,0,0,0,0,0,0,0,0.0,0.0,0.0,0.0,0,0,0,0,0,0,0,0.0,0.0,0.0,0.0,0,0,0,0,0,0,0,0.0,0.0,0.0,0.0,0,0,0,0,0,0,0,0.0,0.0,0.0,0,0.0
1460,1,80.69,0,2,3,5,1,0,1,4309.75,-3297.06,-0.07,0.0,0,0,0,0,0,0,0,0.0,0.0,0.0,0.0,0,0,0,0,0,0,0,0.0,0.0,0.0,0.0,0,0,0,0,0,0,0,0.0,0.0,0.0,1,80.69
1460,20,100.0,0,2,3,5,4,7,0,-4980.06,-3607.09,-0.74,100.0,0,3,3,5,7,4,0,-2751.62,324.44,-0.44,100.0,0,2,3,11,4,5,0,-3858.69,-1472.09,-0.7,0.0,0,0,0,0,0,0,0,0.0,0.0,0.0,3,300.0
1460,12,0.0,0,0,0,0,0,0,0,0.0,0.0,0.0,0.0,0,0,0,0,0,0,0,0.0,0.0,0.0,0.0,0,0,0,0,0,0,0,0.0,0.0,0.0,0.0,0,0,0,0,0,0,0,0.0,0.0,0.0,0,0.0
1460,13,0.0,0,0,0,0,0,0,0,0.0,0.0,0.0,0.0,0,0,0,0,0,0,0,0.0,0.0,0.0,0.0,0,0,0,0,0,0,0,0.0,0.0,0.0,0.0,0,0,0,0,0,0,0,0.0,0.0,0.0,0,0.0
1461,1,80.69,0,2,3,5,1,0,1,4309.75,-3297.06,-0.07,0.0,0,0,0,0,0,0,0,0.0,0.0,0.0,0.0,0,0,0,0,0,0,0,0.0,0.0,0.0,0.0,0,0,0,0,0,0,0,0.0,0.0,0.0,1,80.69
1461,20,100.0,0,2,3,5,4,7,0,-4239.19,-3752.44,-0.74,100.0,0,3,3,5,7,4,0,-2751.62,324.44,-0.44,100.0,0,2,3,11,4,5,0,-3858.69,-1472.09,-0.7,0.0,0,0,0,0,0,0,0,0.0,0.0,0.0,3,300.0
1461,12,0.0,0,0,0,0,0,0,0,0.0,0.0,0.0,0.0,0,0,0,0,0,0,0,0.0,0.0,0.0,0.0,0,0,0,0,0,0,0,0.0,0.0,0.0,0.0,0,0,0,0,0,0,0,0.0,0.0,0.0,0,0.0
1461,13,0.0,0,0,0,0,0,0,0,0.0,0.0,0.0,0.0,0,0,0,0,0,0,0,0.0,0.0,0.0,0.0,0,0,0,0,0,0,0,0.0,0.0,0.0,0.0,0,0,0,0,0,0,0,0.0,0.0,0.0,0,0.0
1462,1,80.69,0,2,3,5,1,0,1,4807.12,-2254.22,-0.07,0.0,0,0,0,0,0,0,0,0.0,0.0,0.0,0.0,0,0,0,0,0,0,0,0.0,0.0,0.0,0.0,0,0,0,0,0,0,0,0.0,0.0,0.0,1,80.69
1462,20,100.0,0,2,3,5,4,7,0,-3741.81,-2709.59,-0.74,100.0,0,3,3,5,7,4,0,-2254.25,1367.28,-0.44,100.0,0,2,3,11,4,5,0,-3361.31,-429.25,-0.7,0.0,0,0,0,0,0,0,0,0.0,0.0,0.0,3,300.0
1462,12,0.0,0,0,0,0,0,0,0,0.0,0.0,0.0,0.0,0,0,0,0,0,0,0,0.0,0.0,0.0,0.0,0,0,0,0,0,0,0,0.0,0.0,0.0,0.0,0,0,0,0,0,0,0,0.0,0.0,0.0,0,0.0
1462,13,0.0,0,0,0,0,0,0,0,0.0,0.0,0.0,0.0,0,0,0,0,0,0,0,0.0,0.0,0.0,0.0,0,0,0,0,0,0,0,0.0,0.0,0.0,0.0,0,0,0,0,0,0,0,0.0,0.0,0.0,0,0.0
1463,1,80.69,0,2,3,5,1,0,0,2604.06,-2525.12,-0.29,0.0,0,0,0,0,0,0,0,0.0,0.0,0.0,0.0,0,0,0,0,0,0,0,0.0,0.0,0.0,0.0,0,0,0,0,0,0,0,0.0,0.0,0.0,1,80.69
1463,20,100.0,0,2,3,5,4,7,0,-3741.81,-2709.59,-0.67,100.0,0,3,3,5,7,4,0,-2254.25,1367.28,-0.38,100.0,0,2,3,11,4,5,0,-3361.31,-429.25,-0.64,0.0,0,0,0,0,0,0,0,0.0,0.0,0.0,3,300.0
1463,12,0.0,0,0,0,0,0,0,0,0.0,0.0,0.0,0.0,0,0,0,0,0,0,0,0.0,0.0,0.0,0.0,0,0,0,0,0,0,0,0.0,0.0,0.0,0.0,0,0,0,0,0,0,0,0.0,0.0,0.0,0,0.0
1463,13,0.0,0,0,0,0,0,0,0,0.0,0.0,0.0,0.0,0,0,0,0,0,0,0,0.0,0.0,0.0,0.0,0,0,0,0,0,0,0,0.0,0.0,0.0,0.0,0,0,0,0,0,0,0,0.0,0.0,0.0,0,0.0
1464,1,80.69,0,2,3,5,1,0,0,2604.06,-2525.12,-0.31,0.0,0,0,0,0,0,0,0,0.0,0.0,0.0,0.0,0,0,0,0,0,0,0,0.0,0.0,0.0,0.0,0,0,0,0,0,0,0,0.0,0.0,0.0,1,80.69
1464,20,100.0,0,2,3,5,4,7,0,-3741.81,-2709.59,-0.69,100.0,0,3,3,5,7,4,0,-2241.31,1208.75,-0.33,100.0,0,2,3,11,4,5,0,-3361.31,-429.25,-0.65,0.0,0,0,0,0,0,0,0,0.0,0.0,0.0,3,300.0
1464,12,0.0,0,0,0,0,0,0,0,0.0,0.0,0.0,0.0,0,0,0,0,0,0,0,0.0,0.0,0.0,0.0,0,0,0,0,0,0,0,0.0,0.0,0.0,0.0,0,0,0,0,0,0,0,0.0,0.0,0.0,0,0.0
1464,13,0.0,0,0,0,0,0,0,0,0.0,0.0,0.0,0.0,0,0,0,0,0,0,0,0.0,0.0,0.0,0.0,0,0,0,0,0,0,0,0.0,0.0,0.0,0.0,0,0,0,0,0,0,0,0.0,0.0,0.0,0,0.0
1465,1,80.69,0,2,3,5,1,0,0,2604.06,-2525.12,-0.32,0.0,0,0,0,0,0,0,0,0.0,0.0,0.0,0.0,0,0,0,0,0,0,0,0.0,0.0,0.0,0.0,0,0,0,0,0,0,0,0.0,0.0,0.0,1,80.69
1465,20,100.0,0,2,3,5,4,7,0,-3741.81,-2709.59,-0.7,100.0,0,3,3,5,7,4,0,-2241.31,1208.75,-0.35,100.0,0,2,3,11,4,5,0,-827.69,-395.97,-0.61,0.0,0,0,0,0,0,0,0,0.0,0.0,0.0,3,300.0
1465,12,0.0,0,0,0,0,0,0,0,0.0,0.0,0.0,0.0,0,0,0,0,0,0,0,0.0,0.0,0.0,0.0,0,0,0,0,0,0,0,0.0,0.0,0.0,0.0,0,0,0,0,0,0,0,0.0,0.0,0.0,0,0.0
1465,13,0.0,0,0,0,0,0,0,0,0.0,0.0,0.0,0.0,0,0,0,0,0,0,0,0.0,0.0,0.0,0.0,0,0,0,0,0,0,0,0.0,0.0,0.0,0.0,0,0,0,0,0,0,0,0.0,0.0,0.0,0,0.0
1466,1,80.69,0,2,3,5,1,0,0,2604.06,-2525.12,-0.34,0.0,0,0,0,0,0,0,0,0.0,0.0,0.0,0.0,0,0,0,0,0,0,0,0.0,0.0,0.0,0.0,0,0,0,0,0,0,0,0.0,0.0,0.0,1,80.69
1466,20,100.0,0,2,3,5,4,7,0,-756.94,-2722.84,-0.63,100.0,0,3,3,5,7,4,0,-2241.31,1208.75,-0.37,100.0,0,2,3,11,4,5,0,-827.69,-395.97,-0.64,0.0,0,0,0,0,0,0,0,0.0,0.0,0.0,3,300.0
1466,12,0.0,0,0,0,0,0,0,0,0.0,0.0,0.0,0.0,0,0,0,0,0,0,0,0.0,0.0,0.0,0.0,0,0,0,0,0,0,0,0.0,0.0,0.0,0.0,0,0,0,0,0,0,0,0.0,0.0,0.0,0,0.0
1466,13,0.0,0,0,0,0,0,0,0,0.0,0.0,0.0,0.0,0,0,0,0,0,0,0,0.0,0.0,0.0,0.0,0,0,0,0,0,0,0,0.0,0.0,0.0,0.0,0,0,0,0,0,0,0,0.0,0.0,0.0,0,0.0
1467,1,0.0,0,0,0,0,0,0,0,0.0,0.0,0.0,0.0,0,0,0,0,0,0,0,0.0,0.0,0.0,0.0,0,0,0,0,0,0,0,0.0,0.0,0.0,0.0,0,0,0,0,0,0,0,0.0,0.0,0.0,0,0.0
1467,20,100.0,0,2,3,5,4,8,0,-281.94,-1726.81,-0.65,100.0,0,3,3,5,7,4,0,-1766.31,2204.78,-0.41,100.0,0,2,3,11,4,5,0,-352.69,600.06,-0.66,0.0,0,0,0,0,0,0,0,0.0,0.0,0.0,3,300.0
1467,12,0.0,0,0,0,0,0,0,0,0.0,0.0,0.0,0.0,0,0,0,0,0,0,0,0.0,0.0,0.0,0.0,0,0,0,0,0,0,0,0.0,0.0,0.0,0.0,0,0,0,0,0,0,0,0.0,0.0,0.0,0,0.0
1467,13,0.0,0,0,0,0,0,0,0,0.0,0.0,0.0,0.0,0,0,0,0,0,0,0,0.0,0.0,0.0,0.0,0,0,0,0,0,0,0,0.0,0.0,0.0,0.0,0,0,0,0,0,0,0,0.0,0.0,0.0,0,0.0
1468,1,0.0,0,0,0,0,0,0,0,0.0,0.0,0.0,0.0,0,0,0,0,0,0,0,0.0,0.0,0.0,0.0,0,0,0,0,0,0,0,0.0,0.0,0.0,0.0,0,0,0,0,0,0,0,0.0,0.0,0.0,0,0.0
1468,20,100.0,0,2,3,5,4,8,0,-281.94,-1726.81,-0.65,100.0,0,3,3,5,7,4,0,-1766.31,2204.78,-0.41,100.0,0,2,3,11,4,5,0,-352.69,600.06,-0.66,0.0,0,0,0,0,0,0,0,0.0,0.0,0.0,3,300.0
1468,12,0.0,0,0,0,0,0,0,0,0.0,0.0,0.0,0.0,0,0,0,0,0,0,0,0.0,0.0,0.0,0.0,0,0,0,0,0,0,0,0.0,0.0,0.0,0.0,0,0,0,0,0,0,0,0.0,0.0,0.0,0,0.0
1468,13,0.0,0,0,0,0,0,0,0,0.0,0.0,0.0,0.0,0,0,0,0,0,0,0,0.0,0.0,0.0,0.0,0,0,0,0,0,0,0,0.0,0.0,0.0,0.0,0,0,0,0,0,0,0,0.0,0.0,0.0,0,0.0
1469,1,0.0,0,0,0,0,0,0,0,0.0,0.0,0.0,0.0,0,0,0,0,0,0,0,0.0,0.0,0.0,0.0,0,0,0,0,0,0,0,0.0,0.0,0.0,0.0,0,0,0,0,0,0,0,0.0,0.0,0.0,0,0.0
1469,20,100.0,0,2,3,5,4,8,0,-281.94,-1726.81,-0.65,100.0,0,3,3,5,7,4,0,-1766.31,2204.78,-0.41,100.0,0,2,3,11,4,5,0,-1063.06,-1273.69,-0.66,0.0,0,0,0,0,0,0,0,0.0,0.0,0.0,3,300.0
1469,12,0.0,0,0,0,0,0,0,0,0.0,0.0,0.0,0.0,0,0,0,0,0,0,0,0.0,0.0,0.0,0.0,0,0,0,0,0,0,0,0.0,0.0,0.0,0.0,0,0,0,0,0,0,0,0.0,0.0,0.0,0,0.0
1469,13,0.0,0,0,0,0,0,0,0,0.0,0.0,0.0,0.0,0,0,0,0,0,0,0,0.0,0.0,0.0,0.0,0,0,0,0,0,0,0,0.0,0.0,0.0,0.0,0,0,0,0,0,0,0,0.0,0.0,0.0,0,0.0
1470,1,0.0,0,0,0,0,0,0,0,0.0,0.0,0.0,0.0,0,0,0,0,0,0,0,0.0,0.0,0.0,0.0,0,0,0,0,0,0,0,0.0,0.0,0.0,0.0,0,0,0,0,0,0,0,0.0,0.0,0.0,0,0.0
1470,20,100.0,0,2,3,5,4,8,0,-416.19,-1923.03,-0.65,100.0,0,3,3,5,7,4,0,-1766.31,2204.78,-0.41,100.0,0,2,3,11,4,5,0,-1063.06,-1273.69,-0.66,0.0,0,0,0,0,0,0,0,0.0,0.0,0.0,3,300.0
1470,12,0.0,0,0,0,0,0,0,0,0.0,0.0,0.0,0.0,0,0,0,0,0,0,0,0.0,0.0,0.0,0.0,0,0,0,0,0,0,0,0.0,0.0,0.0,0.0,0,0,0,0,0,0,0,0.0,0.0,0.0,0,0.0
1470,13,0.0,0,0,0,0,0,0,0,0.0,0.0,0.0,0.0,0,0,0,0,0,0,0,0.0,0.0,0.0,0.0,0,0,0,0,0,0,0,0.0,0.0,0.0,0.0,0,0,0,0,0,0,0,0.0,0.0,0.0,0,0.0
1471,1,0.0,0,0,0,0,0,0,0,0.0,0.0,0.0,0.0,0,0,0,0,0,0,0,0.0,0.0,0.0,0.0,0,0,0,0,0,0,0,0.0,0.0,0.0,0.0,0,0,0,0,0,0,0,0.0,0.0,0.0,0,0.0
1471,20,100.0,0,2,3,5,4,8,0,-416.19,-1923.03,-0.65,100.0,0,3,3,5,7,4,0,-1766.31,2204.78,-0.41,100.0,0,2,3,11,4,5,0,-1063.06,-1273.69,-0.66,0.0,0,0,0,0,0,0,0,0.0,0.0,0.0,3,300.0
1471,12,0.0,0,0,0,0,0,0,0,0.0,0.0,0.0,0.0,0,0,0,0,0,0,0,0.0,0.0,0.0,0.0,0,0,0,0,0,0,0,0.0,0.0,0.0,0.0,0,0,0,0,0,0,0,0.0,0.0,0.0,0,0.0
1471,13,0.0,0,0,0,0,0,0,0,0.0,0.0,0.0,0.0,0,0,0,0,0,0,0,0.0,0.0,0.0,0.0,0,0,0,0,0,0,0,0.0,0.0,0.0,0.0,0,0,0,0,0,0,0,0.0,0.0,0.0,0,0.0
